pid,eid,probe_name,session_number,date,subject,lab,project
6be21156-33b0-4f70-9a0f-65b3e3cd6d4a,56956777-dca5-468c-87cb-78150432cc57,probe00,1,2020-02-21,NYU-11,angelakilab,brainwidemap
8dfb86c8-d45c-46c4-90ec-33078014d434,4364a246-f8d7-4ce7-ba23-a098104b96e4,probe01,1,2020-01-20,NYU-12,angelakilab,brainwidemap
c893c0a3-5597-49cf-baa1-60efdfdef542,b182b754-3c3e-4942-8144-6ee790926b58,probe01,1,2020-01-21,NYU-12,angelakilab,brainwidemap
1e176f17-d00f-49bb-87ff-26d237b525f1,a8a8af78-16de-4841-ab07-fde4b5281a03,probe00,1,2020-01-22,NYU-12,angelakilab,brainwidemap
701026df-e170-4ca7-88aa-eb0b95ef6ba1,a8a8af78-16de-4841-ab07-fde4b5281a03,probe01,1,2020-01-22,NYU-12,angelakilab,brainwidemap
6506252f-1141-4e11-8816-4db01b71dda0,032ffcdf-7692-40b3-b9ff-8def1fc18b2e,probe01,1,2020-01-23,NYU-12,angelakilab,brainwidemap
d213e786-4b1c-477d-a710-766d69fa1ac1,032ffcdf-7692-40b3-b9ff-8def1fc18b2e,probe00,1,2020-01-23,NYU-12,angelakilab,brainwidemap
f475ae14-9415-453e-b800-1480ea1c868d,8c33abef-3d3e-4d42-9f27-445e9def08f9,probe00,2,2020-08-13,NYU-21,angelakilab,brainwidemap
73ff4936-8cd3-4a75-a772-f563e67d249d,ebe2efe3-e8a1-451a-8947-76ef42427cc9,probe00,1,2020-08-19,NYU-21,angelakilab,brainwidemap
99993a2b-588e-4c0c-bfec-e3dfb4f61534,5569f363-0934-464e-9a5b-77c8e67791a1,probe00,1,2020-10-21,NYU-30,angelakilab,brainwidemap
298e2a70-9801-45f0-b91c-d6bb9718427e,5ec72172-3901-4771-8777-6e9490ca51fc,probe00,1,2020-10-22,NYU-30,angelakilab,brainwidemap
9dff5593-e781-41a3-a6f9-20d06085e4f8,5ec72172-3901-4771-8777-6e9490ca51fc,probe01,1,2020-10-22,NYU-30,angelakilab,brainwidemap
c4b5a9fa-10cb-4195-9c17-15b6a1f77f9a,7af49c00-63dd-4fed-b2e0-1b3bd945b20b,probe01,1,2021-01-25,NYU-37,angelakilab,brainwidemap
f93bfce4-e814-4ae3-9cdf-59f4dcdedf51,7af49c00-63dd-4fed-b2e0-1b3bd945b20b,probe00,1,2021-01-25,NYU-37,angelakilab,brainwidemap
decc8d40-cf74-4263-ae9d-a0cc68b47e86,f88d4dd4-ccd7-400e-9035-fa00be3bcfa8,probe01,1,2021-01-26,NYU-37,angelakilab,brainwidemap
b7c57ce1-a75b-410a-94b6-8abee5a92c4f,21d21fc3-4201-4edc-802a-c67b61952548,probe00,1,2021-02-01,NYU-37,angelakilab,brainwidemap
e45a00b1-14a0-4f5e-9ea5-9f76d042b11c,6ed57216-498d-48a6-b48b-a243a34710ea,probe00,1,2021-05-10,NYU-39,angelakilab,brainwidemap
117f0d28-3cc0-4837-9e3e-46db5bc3e662,35ed605c-1a1a-47b1-86ff-2b56144f55af,probe00,1,2021-05-11,NYU-39,angelakilab,brainwidemap
01864e9d-0dbe-41d4-9e3a-0285348ecfc1,fa1f26a1-eb49-4b24-917e-19f02a18ac61,probe01,1,2021-05-12,NYU-39,angelakilab,brainwidemap
0777b1bf-964b-49b7-888b-8a6c9df09c3b,ee212778-3903-4f5b-ac4b-a72f22debf03,probe00,2,2021-05-13,NYU-39,angelakilab,brainwidemap
9793c99d-f918-4931-8bba-fdb978bd8e0a,ee212778-3903-4f5b-ac4b-a72f22debf03,probe01,2,2021-05-13,NYU-39,angelakilab,brainwidemap
08ed0b3c-9f94-4c1f-8522-3d42a642a6b0,91a3353a-2da1-420d-8c7c-fad2fedfdd18,probe01,1,2021-05-14,NYU-39,angelakilab,brainwidemap
a85b9795-f99c-4c1d-a376-8b5ef095ffd7,91a3353a-2da1-420d-8c7c-fad2fedfdd18,probe00,1,2021-05-14,NYU-39,angelakilab,brainwidemap
18be19f9-6ca5-4fc8-9220-ba43c3e75905,51e53aff-1d5d-4182-a684-aba783d50ae5,probe01,1,2021-07-19,NYU-45,angelakilab,brainwidemap
1a60a6e1-da99-4d4e-a734-39b1d4544fad,51e53aff-1d5d-4182-a684-aba783d50ae5,probe00,1,2021-07-19,NYU-45,angelakilab,brainwidemap
e7080659-8319-48a6-b6fd-2e8ce8eeec49,537677fe-1e24-4755-948c-fa4a4e8ecce5,probe00,2,2021-07-20,NYU-45,angelakilab,brainwidemap
79fbd14b-bfad-4b28-90a9-3019bf72336f,72982282-e493-45ee-87ce-aa45cb3a3ec1,probe00,1,2021-06-23,NYU-46,angelakilab,brainwidemap
f8249eab-d4c2-4fb0-a258-7f4b99fa19e4,6434f2f5-6bce-42b8-8563-d93d493613a2,probe00,1,2021-06-24,NYU-46,angelakilab,brainwidemap
7dcd74a9-fc7a-4c3c-85b9-769d869629ec,288bfbf3-3700-4abe-b6e4-130b5c541e61,probe00,3,2021-06-24,NYU-47,angelakilab,brainwidemap
3b729602-20d5-4be8-a10e-24bde8fc3092,fc43390d-457e-463a-9fd4-b94a0a8b48f5,probe00,1,2021-06-25,NYU-47,angelakilab,brainwidemap
450cea3b-9289-4708-9df2-a2518bdc4b59,a405053a-eb13-4aa4-850c-5a337e5dc7fd,probe00,1,2021-06-29,NYU-48,angelakilab,brainwidemap
fe41986d-4966-4a77-af7e-e7f71c25aec5,93ad879a-aa42-4150-83e1-38773c9785e4,probe01,1,2021-07-01,NYU-48,angelakilab,brainwidemap
a63a7248-9393-478b-9478-64f421ef5eb8,3d59aa1a-b4ba-47fe-b9cf-741b5fdb0c7b,probe00,1,2021-07-02,NYU-48,angelakilab,brainwidemap
aeb06797-fddf-4ad2-b0ef-dd1b0f54d034,3d59aa1a-b4ba-47fe-b9cf-741b5fdb0c7b,probe01,1,2021-07-02,NYU-48,angelakilab,brainwidemap
5135e93f-2f1f-4301-9532-b5ad62548c49,a2ec6341-c55f-48a0-a23b-0ef2f5b1d71e,probe00,2,2022-09-12,NYU-65,angelakilab,brainwidemap
8fbfa285-d721-4a1a-8c18-f36652c17909,034e726f-b35f-41e0-8d6c-a22cc32391fb,probe00,1,2020-02-24,CSHL045,churchlandlab,brainwidemap
00a824c0-e060-495f-9ebc-79c82fef4c67,fa704052-147e-46f6-b190-a65b837e605e,probe00,1,2020-02-26,CSHL045,churchlandlab,brainwidemap
7791ee46-5c13-4d1b-8518-5602dcb8666b,fa704052-147e-46f6-b190-a65b837e605e,probe01,1,2020-02-26,CSHL045,churchlandlab,brainwidemap
0393f34c-a2bd-4c01-99c9-f6b4ec6e786d,b52182e7-39f6-4914-9717-136db589706e,probe00,1,2020-01-21,CSHL047,churchlandlab,brainwidemap
4762e8ed-4d94-4fd7-9522-e927f5ffca74,b52182e7-39f6-4914-9717-136db589706e,probe01,1,2020-01-21,CSHL047,churchlandlab,brainwidemap
dec6ad00-01c8-4bfd-bcdc-b37c5e0cdb0e,2d5f6d81-38c4-4bdc-ac3c-302ea4d5f46e,probe00,2,2020-01-22,CSHL047,churchlandlab,brainwidemap
f86e9571-63ff-4116-9c40-aa44d57d2da9,4b7fbad4-f6de-43b4-9b15-c7c7ef44db4b,probe00,1,2020-01-08,CSHL049,churchlandlab,brainwidemap
fd555d39-b728-44aa-90d2-796b8bb58300,4b7fbad4-f6de-43b4-9b15-c7c7ef44db4b,probe01,1,2020-01-08,CSHL049,churchlandlab,brainwidemap
531423f6-d36d-472b-8234-c8f7b8293f79,c99d53e6-c317-4c53-99ba-070b26673ac4,probe00,1,2020-01-09,CSHL049,churchlandlab,brainwidemap
2564dc27-4eda-4fc3-a151-c13475796ee1,d2918f52-8280-43c0-924b-029b2317e62c,probe00,2,2020-01-10,CSHL049,churchlandlab,brainwidemap
ae2b9f1b-ebe3-4b56-8957-31982186e6ec,d839491f-55d8-4cbe-a298-7839208ba12b,probe00,1,2020-01-11,CSHL049,churchlandlab,brainwidemap
c536b0a9-b710-43c3-ba2c-5a0cccf98ec2,d839491f-55d8-4cbe-a298-7839208ba12b,probe01,1,2020-01-11,CSHL049,churchlandlab,brainwidemap
e55266c7-eb05-47bb-b263-1cc08dc3c00c,ecb5520d-1358-434c-95ec-93687ecd1396,probe01,1,2020-02-05,CSHL051,churchlandlab,brainwidemap
f2ee886d-5b9c-4d06-a9be-ee7ae8381114,ecb5520d-1358-434c-95ec-93687ecd1396,probe00,1,2020-02-05,CSHL051,churchlandlab,brainwidemap
df07180e-268e-489c-826e-40cb6f63d3a5,85dc2ebd-8aaf-46b0-9284-a197aee8b16f,probe00,2,2020-02-18,CSHL052,churchlandlab,brainwidemap
5810514e-2a86-4a34-b7bd-1e4b0b601295,5386aba9-9b97-4557-abcd-abc2da66b863,probe00,2,2020-02-19,CSHL052,churchlandlab,brainwidemap
1841cf1f-725d-499e-ab8e-7f6fc8c308b6,83e77b4b-dfa0-4af9-968b-7ea0c7a0c7e4,probe01,1,2020-02-20,CSHL052,churchlandlab,brainwidemap
220bca21-4cf8-43f1-a213-71645899c571,83e77b4b-dfa0-4af9-968b-7ea0c7a0c7e4,probe00,1,2020-02-20,CSHL052,churchlandlab,brainwidemap
461ecb39-ab58-4a6c-acd7-22da5b4b4b22,4b00df29-3769-43be-bb40-128b1cba6d35,probe01,1,2020-02-21,CSHL052,churchlandlab,brainwidemap
8d59da25-3a9c-44be-8b1a-e27cdd39ca34,4b00df29-3769-43be-bb40-128b1cba6d35,probe00,1,2020-02-21,CSHL052,churchlandlab,brainwidemap
43d4f889-4b05-44df-8306-ea10f854776f,12dc8b34-b18e-4cdd-90a9-da134a9be79c,probe00,1,2020-01-29,CSHL053,churchlandlab,brainwidemap
188fe7d5-fd1c-494f-88bc-672d77b9779e,0deb75fb-9088-42d9-b744-012fb8fc4afb,probe00,1,2020-01-30,CSHL053,churchlandlab,brainwidemap
ac680ec5-6f89-4739-9848-9d76fc0e017f,a71175be-d1fd-47a3-aa93-b830ea3634a1,probe00,1,2020-02-11,CSHL054,churchlandlab,brainwidemap
e10a7a75-4740-41d1-82bb-7696ed14c442,a71175be-d1fd-47a3-aa93-b830ea3634a1,probe01,1,2020-02-11,CSHL054,churchlandlab,brainwidemap
0eb65305-bb95-4bf1-a154-1b810c0cff25,0cbeae00-e229-4b7d-bdcc-1b0569d7e0c3,probe00,1,2020-02-17,CSHL055,churchlandlab,brainwidemap
f9656eee-141c-453d-a016-4aba68f674dc,0cbeae00-e229-4b7d-bdcc-1b0569d7e0c3,probe01,1,2020-02-17,CSHL055,churchlandlab,brainwidemap
d585f4b5-d154-4666-92c4-eb219f1e0f02,f312aaec-3b6f-44b3-86b4-3a0c119c0438,probe01,1,2020-07-07,CSHL058,churchlandlab,brainwidemap
eeb27b45-5b85-4e5c-b6ff-f639ca5687de,f312aaec-3b6f-44b3-86b4-3a0c119c0438,probe00,1,2020-07-07,CSHL058,churchlandlab,brainwidemap
5fd00035-89d6-4e7c-bb26-f103388b731d,fb70ebf7-8175-42b0-9b7a-7c6e8612226e,probe01,1,2020-07-08,CSHL058,churchlandlab,brainwidemap
acf04c3f-650a-4de0-b0d0-edf695dd2025,fb70ebf7-8175-42b0-9b7a-7c6e8612226e,probe00,1,2020-07-08,CSHL058,churchlandlab,brainwidemap
5458cb27-d065-4626-bcd8-1aa775e1115e,28741f91-c837-4147-939e-918d38d849f2,probe01,3,2020-07-11,CSHL058,churchlandlab,brainwidemap
bf591043-03c2-48bb-9197-e17e85aaeb8f,28741f91-c837-4147-939e-918d38d849f2,probe00,3,2020-07-11,CSHL058,churchlandlab,brainwidemap
2d2cdf86-4a0c-42d8-aed3-5b187f160013,d2f5a130-b981-4546-8858-c94ae1da75ff,probe01,1,2020-03-03,CSHL059,churchlandlab,brainwidemap
79628a45-c2e3-4206-97df-4c91edaff90f,d2f5a130-b981-4546-8858-c94ae1da75ff,probe00,1,2020-03-03,CSHL059,churchlandlab,brainwidemap
69f42a9c-095d-4a25-bca8-61a9869871d3,dda5fc59-f09a-4256-9fb5-66c67667a466,probe00,1,2020-03-06,CSHL059,churchlandlab,brainwidemap
8169d556-f994-4735-b4c8-f7c85ddc39b0,dda5fc59-f09a-4256-9fb5-66c67667a466,probe01,1,2020-03-06,CSHL059,churchlandlab,brainwidemap
50f1512d-dd41-4a0c-b3ab-b0564f0424d7,37e96d0b-5b4b-4c6e-9b29-7edbdc94bbd0,probe01,1,2020-03-08,CSHL059,churchlandlab,brainwidemap
f4ff3ff8-19b7-40c7-bf6f-8b577b811ed1,37e96d0b-5b4b-4c6e-9b29-7edbdc94bbd0,probe00,1,2020-03-08,CSHL059,churchlandlab,brainwidemap
9f99bd34-40d4-4aac-ae2b-7bc7f7086ccb,2e6e179c-fccc-4e8f-9448-ce5b6858a183,probe00,2,2020-03-09,CSHL060,churchlandlab,brainwidemap
62a97aee-9f8b-40be-9ea7-f785ede30df8,1191f865-b10a-45c8-9c48-24a980fd9402,probe00,4,2020-03-11,CSHL060,churchlandlab,brainwidemap
516b2043-0176-49a3-a986-132b3d02f28a,6364ff7f-6471-415a-ab9e-632a12052690,probe01,3,2020-03-14,CSHL060,churchlandlab,brainwidemap
44f5caad-c703-4279-866b-0303e57d2a7f,7be8fec4-406b-4e74-8548-d2885dcc3d5e,probe00,1,2020-03-15,CSHL060,churchlandlab,brainwidemap
f74a6b9a-b8a5-4c80-9c30-7dd4cdbb48c0,7be8fec4-406b-4e74-8548-d2885dcc3d5e,probe01,1,2020-03-15,CSHL060,churchlandlab,brainwidemap
d3507787-60c8-4cea-a61e-0c708b4361d8,7dd27c2f-9544-448d-918d-be0f9837b0e0,probe00,1,2023-08-15,MFD_05,churchlandlab_ucla,brainwidemap
92822789-608f-44a6-ad64-fe549402b2df,ca4ecb4c-4b60-4723-9b9e-2c54a6290a53,probe00,1,2023-08-16,MFD_05,churchlandlab_ucla,brainwidemap
069c2674-80b0-44b4-a3d9-28337512967f,35eeb752-8f4f-4040-9714-ba0f5b7ccdfe,probe00,1,2023-08-22,MFD_06,churchlandlab_ucla,brainwidemap
d7187e4f-7bfe-42b3-9e36-761c76eb6e8f,97c1d08d-57b4-4595-8052-91eb84ebfd74,probe00,1,2023-08-23,MFD_06,churchlandlab_ucla,brainwidemap
7a620688-66cb-44d3-b79b-ccac1c8ba23e,15b69921-d471-4ded-8814-2adad954bcd8,probe00,1,2023-08-31,MFD_07,churchlandlab_ucla,brainwidemap
a8a59fc3-a658-4db4-b5e8-09f1e4df03fd,5ae68c54-2897-4d3a-8120-426150704385,probe00,1,2023-09-07,MFD_08,churchlandlab_ucla,brainwidemap
8c732bf2-639d-496c-bf82-464bc9c2d54b,ebce500b-c530-47de-8cb1-963c552703ea,probe00,1,2023-10-19,MFD_09,churchlandlab_ucla,brainwidemap
e42e948c-3154-45cb-bf52-408b7cda0f2f,d57df551-6dcb-4242-9c72-b806cff5613a,probe00,1,2021-08-02,UCLA005,churchlandlab_ucla,brainwidemap
f967a527-257f-404a-871d-b91575dca3b4,19e66dc9-bf9f-430b-9d6a-acfa85de6fb7,probe00,1,2021-12-08,UCLA006,churchlandlab_ucla,brainwidemap
c07d13ed-e387-4457-8e33-1d16aed3fd92,824cf03d-4012-4ab1-b499-c83a92c5589e,probe00,1,2021-07-20,UCLA011,churchlandlab_ucla,brainwidemap
ad256265-03f2-4b4e-954b-0ba0c5cf6707,1f095590-6669-46c9-986b-ccaf0620c5e9,probe01,2,2021-07-07,UCLA012,churchlandlab_ucla,brainwidemap
94e948c1-f7be-4868-893a-f7cd2df3313e,03d9a098-07bf-4765-88b7-85f8d8f620cc,probe00,1,2021-08-18,UCLA014,churchlandlab_ucla,brainwidemap
3d3d5a5e-df26-43ee-80b6-2d72d85668a5,0c828385-6dd6-4842-a702-c5075f5f5e81,probe00,1,2022-03-31,UCLA015,churchlandlab_ucla,brainwidemap
b83407f8-8220-46f9-9b90-a4c9f150c572,bb099402-fb31-4cfd-824e-1c97530a0875,probe00,2,2021-11-16,UCLA017,churchlandlab_ucla,brainwidemap
27bac116-ea57-4512-ad35-714a62d259cd,111c1762-7908-47e0-9f40-2f2ee55b6505,probe00,1,2022-02-15,UCLA033,churchlandlab_ucla,brainwidemap
eebcaf65-7fa4-4118-869d-a084e84530e2,111c1762-7908-47e0-9f40-2f2ee55b6505,probe01,1,2022-02-15,UCLA033,churchlandlab_ucla,brainwidemap
e96cbd77-5fdf-4a35-81f4-4a6361bded65,5455a21c-1be7-4cae-ae8e-8853a8d5f55e,probe00,1,2022-02-17,UCLA033,churchlandlab_ucla,brainwidemap
a94a0023-d461-49fa-8cc6-032237039c27,8a3a0197-b40a-449f-be55-c00b23253bbf,probe01,1,2022-01-25,UCLA034,churchlandlab_ucla,brainwidemap
f9d8aacd-b2a0-49f2-bd71-c2f5aadcfdd1,8a3a0197-b40a-449f-be55-c00b23253bbf,probe00,1,2022-01-25,UCLA034,churchlandlab_ucla,brainwidemap
6358854e-51d2-47de-a278-5cbfd155feb6,ebc9392c-1ecb-4b4b-a545-4e3d70d23611,probe00,1,2022-01-26,UCLA034,churchlandlab_ucla,brainwidemap
c872ca65-8319-4901-856e-7dc507e2dd9c,19b44992-d527-4a12-8bda-aa11379cb08c,probe00,1,2022-01-27,UCLA034,churchlandlab_ucla,brainwidemap
f083fcd5-e456-433d-8aa5-6ace0a7ac170,19b44992-d527-4a12-8bda-aa11379cb08c,probe01,1,2022-01-27,UCLA034,churchlandlab_ucla,brainwidemap
7c94d733-b913-4064-83f2-37422712204c,6f36868f-5cc1-450c-82fa-6b9829ce0cfe,probe01,1,2022-02-18,UCLA035,churchlandlab_ucla,brainwidemap
6ad5a0a6-362a-4aec-8743-2e91469b0b62,f99ac31f-171b-4208-a55d-5644c0ad51c3,probe00,1,2022-02-24,UCLA035,churchlandlab_ucla,brainwidemap
80f6ffdd-f692-450f-ab19-cd6d45bfd73e,e2b845a1-e313-4a08-bc61-a5f662ed295e,probe00,1,2022-03-09,UCLA036,churchlandlab_ucla,brainwidemap
ac839451-05bc-493e-b167-558b2b195baa,e2b845a1-e313-4a08-bc61-a5f662ed295e,probe01,1,2022-03-09,UCLA036,churchlandlab_ucla,brainwidemap
02cc03e4-8015-4050-bb42-6c832091febb,2bdf206a-820f-402f-920a-9e86cd5388a4,probe00,1,2022-02-02,UCLA037,churchlandlab_ucla,brainwidemap
afe87fbb-3a17-461f-b333-e22903f1d70d,2bdf206a-820f-402f-920a-9e86cd5388a4,probe01,1,2022-02-02,UCLA037,churchlandlab_ucla,brainwidemap
5245b505-d0e7-4942-94d1-b33a084fab03,8d316998-28c3-4265-b029-e2ca82375b2f,probe00,1,2022-02-09,UCLA037,churchlandlab_ucla,brainwidemap
29418b18-4db6-436f-a85e-b0f1d38d2e62,bda2faf5-9563-4940-a80f-ce444259e47b,probe00,1,2022-02-10,UCLA037,churchlandlab_ucla,brainwidemap
6d9b6393-6729-4a15-ad08-c6838842a074,91bac580-76ed-41ab-ac07-89051f8d7f6e,probe00,1,2022-04-14,UCLA044,churchlandlab_ucla,brainwidemap
53b3a7c6-ae42-49da-b69c-69e55a43a427,dc962048-89bb-4e6a-96a9-b062a2be1426,probe01,1,2022-08-16,UCLA048,churchlandlab_ucla,brainwidemap
ee3345e6-540d-4cea-9e4a-7f1b2fb9a4e4,dc962048-89bb-4e6a-96a9-b062a2be1426,probe00,1,2022-08-16,UCLA048,churchlandlab_ucla,brainwidemap
c6e294f7-5421-4697-8618-8ccc9b0269f6,0841d188-8ef2-4f20-9828-76a94d5343a4,probe00,1,2022-08-02,UCLA049,churchlandlab_ucla,brainwidemap
dd75e810-a399-4364-9d4a-517312cf3010,0841d188-8ef2-4f20-9828-76a94d5343a4,probe01,1,2022-08-02,UCLA049,churchlandlab_ucla,brainwidemap
5544da75-8d34-47cb-9092-1f91e713e79c,8a1cf4ef-06e3-4c72-9bc7-e1baa189841b,probe01,1,2022-08-12,UCLA049,churchlandlab_ucla,brainwidemap
5e8ac11b-959a-49ab-a6a3-8a3397e1df0e,8a1cf4ef-06e3-4c72-9bc7-e1baa189841b,probe00,1,2022-08-12,UCLA049,churchlandlab_ucla,brainwidemap
f68d9f26-ac40-4c67-9cbf-9ad1851292f7,687017d4-c9fc-458f-a7d5-0979fe1a7470,probe00,1,2022-07-12,UCLA052,churchlandlab_ucla,brainwidemap
53ecbf4f-e0d8-4fe6-a852-8b934a37a1c2,16693458-0801-4d35-a3f1-9115c7e5acfd,probe00,1,2019-12-03,KS014,cortexlab,brainwidemap
b543e81e-4c8f-415e-82ec-631b177d19d2,16693458-0801-4d35-a3f1-9115c7e5acfd,probe01,1,2019-12-03,KS014,cortexlab,brainwidemap
9150758e-1390-41d1-b426-96675e60dbea,e1931de1-cf7b-49af-af33-2ade15e8abe7,probe00,1,2019-12-05,KS014,cortexlab,brainwidemap
fe2d6fc9-b0c4-4256-b427-9c06950da925,e1931de1-cf7b-49af-af33-2ade15e8abe7,probe01,1,2019-12-05,KS014,cortexlab,brainwidemap
ea931b15-6214-4b80-8d88-7acbbe071bc0,b9c205c3-feac-485b-a89d-afc96d9cb280,probe00,1,2019-12-07,KS014,cortexlab,brainwidemap
31811232-52ef-456c-9772-5021c00b2bc9,6cf2a88a-515b-4f7f-89a2-7d53eab9b5f4,probe00,1,2019-12-05,KS016,cortexlab,brainwidemap
fa539f97-a078-4fc6-9a12-237799466d9c,6cf2a88a-515b-4f7f-89a2-7d53eab9b5f4,probe01,1,2019-12-05,KS016,cortexlab,brainwidemap
c0c3bcca-6a79-47ef-becb-b1a157a3f2cb,16c3667b-e0ea-43fb-9ad4-8dcd1e6c40e1,probe00,1,2019-12-08,KS016,cortexlab,brainwidemap
d595ee58-75bb-4df3-96de-d9b4f4d1f6ab,16c3667b-e0ea-43fb-9ad4-8dcd1e6c40e1,probe01,1,2019-12-08,KS016,cortexlab,brainwidemap
15a2a63f-739d-4eb0-ab8f-fc95b6299b68,dd87e278-999d-478b-8cbd-b5bf92b84763,probe01,1,2019-12-09,KS016,cortexlab,brainwidemap
46448da7-ad7b-4ca8-b3ab-2d1d47439cbf,dd87e278-999d-478b-8cbd-b5bf92b84763,probe00,1,2019-12-09,KS016,cortexlab,brainwidemap
3675290c-8134-4598-b924-83edb7940269,15f742e1-1043-45c9-9504-f1e8a53c1744,probe00,1,2019-12-09,KS022,cortexlab,brainwidemap
82765a73-2a03-42ca-ba98-194247caa62e,15f742e1-1043-45c9-9504-f1e8a53c1744,probe01,1,2019-12-09,KS022,cortexlab,brainwidemap
adca9242-0725-41d4-8eb1-5655a464431d,a4000c2f-fa75-4b3e-8f06-a7cf599b87ad,probe01,1,2019-12-06,KS023,cortexlab,brainwidemap
e8129a86-b5a9-4d2e-9e9c-09689c9bf0b3,a4000c2f-fa75-4b3e-8f06-a7cf599b87ad,probe00,1,2019-12-06,KS023,cortexlab,brainwidemap
6a22a5b4-79ec-4b3c-b023-1ec7b4a2b675,cc45c568-c3b9-4f74-836e-c87762e898c8,probe01,1,2019-12-07,KS023,cortexlab,brainwidemap
aab5be05-5c1c-4c08-9739-1274bc3bcf4f,cc45c568-c3b9-4f74-836e-c87762e898c8,probe00,1,2019-12-07,KS023,cortexlab,brainwidemap
26af22bb-b295-4a45-8ed3-1700604c0708,a92c4b1d-46bd-457e-a1f4-414265f0e2d4,probe01,1,2019-12-08,KS023,cortexlab,brainwidemap
f44d2056-644c-4769-a189-7efe67b0269d,a92c4b1d-46bd-457e-a1f4-414265f0e2d4,probe00,1,2019-12-08,KS023,cortexlab,brainwidemap
45e7731f-4a43-45d5-9029-c080150bc596,aad23144-0e52-4eac-80c5-c4ee2decb198,probe00,1,2019-12-10,KS023,cortexlab,brainwidemap
b749446c-18e3-4987-820a-50649ab0f826,aad23144-0e52-4eac-80c5-c4ee2decb198,probe01,1,2019-12-10,KS023,cortexlab,brainwidemap
10ef1dcd-093c-4839-8f38-90a25edefb49,8c552ddc-813e-4035-81cc-3971b57efe65,probe01,1,2020-11-23,KS042,cortexlab,brainwidemap
b98f6b89-3de4-4295-be1c-59e465de1e32,8c552ddc-813e-4035-81cc-3971b57efe65,probe00,1,2020-11-23,KS042,cortexlab,brainwidemap
530f1670-9412-44ac-afdb-935d46bcaad3,07dc4b76-5b93-4a03-82a0-b3d9cc73f412,probe00,1,2020-11-24,KS042,cortexlab,brainwidemap
97207d87-3fcd-4ebb-b0c7-087bdbf8a95c,07dc4b76-5b93-4a03-82a0-b3d9cc73f412,probe01,1,2020-11-24,KS042,cortexlab,brainwidemap
0c42a3d2-beb7-4b7b-a9b5-1eea6c51e1f4,9468fa93-21ae-4984-955c-e8402e280c83,probe01,1,2020-12-06,KS043,cortexlab,brainwidemap
50445b30-f4ef-4405-b014-1d792ddfed88,a6fe44a8-07ab-49b8-81f9-e18575aa85cc,probe01,1,2020-12-07,KS044,cortexlab,brainwidemap
70da415f-444d-4148-ade7-a1f58a16fcf8,781b35fd-e1f0-4d14-b2bb-95b7263082bb,probe01,1,2020-12-09,KS044,cortexlab,brainwidemap
63435e73-6a72-4007-b0da-03e6473e6870,0ac8d013-b91e-4732-bc7b-a1164ff3e445,probe01,1,2020-12-02,KS046,cortexlab,brainwidemap
1a276285-8b0e-4cc9-9f0a-a3a002978724,69c9a415-f7fa-4208-887b-1417c1479b48,probe00,1,2020-12-03,KS046,cortexlab,brainwidemap
ad315779-2b39-46c4-8348-b166e796fa7c,dfbe628d-365b-461c-a07f-8b9911ba83aa,probe00,1,2020-12-04,KS046,cortexlab,brainwidemap
df350b09-a420-42bb-9952-17862cbb9f1c,dfbe628d-365b-461c-a07f-8b9911ba83aa,probe01,1,2020-12-04,KS046,cortexlab,brainwidemap
cc9d666c-6fe5-418d-9b37-114428d25454,aa3432cd-62bd-40bc-bc1c-a12d53bcbdcf,probe01,1,2020-12-05,KS046,cortexlab,brainwidemap
16799c7a-e395-435d-a4c4-a678007e1550,0a018f12-ee06-4b11-97aa-bbbff5448e9f,probe00,1,2021-05-11,KS051,cortexlab,brainwidemap
a8adabd7-7979-4fcf-99e7-d9bd9d27896f,4503697e-af44-47d9-898d-4924be990240,probe01,1,2021-05-12,KS051,cortexlab,brainwidemap
2c401cbd-b95c-4ebe-8a83-92b55ab49542,ac7d3064-7f09-48a3-88d2-e86a4eb86461,probe01,1,2021-05-13,KS052,cortexlab,brainwidemap
8abf098f-d4f6-4957-9c0a-f53685db74cc,b22f694e-4a34-4142-ab9d-2556c3487086,probe00,1,2021-05-02,KS055,cortexlab,brainwidemap
bbe6ebc1-d32f-42dd-a89c-211226737deb,1b715600-0cbc-442c-bd00-5b0ac2865de1,probe01,1,2022-01-31,KS084,cortexlab,brainwidemap
507b20cf-4ab0-4f55-9a81-88b02839d127,e45481fa-be22-4365-972c-e7404ed8ab5a,probe00,1,2022-03-15,KS086,cortexlab,brainwidemap
f2a098e7-a67e-4125-92d8-36fc6b606c45,e45481fa-be22-4365-972c-e7404ed8ab5a,probe01,1,2022-03-15,KS086,cortexlab,brainwidemap
4279e354-a6b8-4eff-8245-7c8723b07834,ffef0311-8ffa-49e3-a857-b3adf6d86e12,probe00,1,2022-03-16,KS086,cortexlab,brainwidemap
19c5b0d5-a255-47ff-9f8d-639e634a7b61,78b4fff5-c5ec-44d9-b5f9-d59493063f00,probe01,1,2022-07-04,KS091,cortexlab,brainwidemap
e92f8734-2c06-4168-9271-d00b3bf57c02,196a2adf-ff83-49b2-823a-33f990049c2e,probe01,1,2022-07-05,KS091,cortexlab,brainwidemap
ff5fceaf-8247-42ab-a187-f7876441899d,6b0b5d24-bcda-4053-a59c-beaa1fe03b8f,probe01,1,2022-06-15,KS094,cortexlab,brainwidemap
d591a59c-b49b-46ba-a914-df379ada9813,752456f3-9f47-4fbf-bd44-9d131c0f41aa,probe01,1,2022-06-16,KS094,cortexlab,brainwidemap
6b6af675-e1ef-43a6-b408-95cfc71fe2cc,3f859b5c-e73a-4044-b49e-34bb81e96715,probe01,1,2022-06-17,KS094,cortexlab,brainwidemap
3c283107-7012-48fc-a6c2-ed096b23974f,1b9e349e-93f2-41cc-a4b5-b212d7ddc8df,probe01,1,2022-06-15,KS096,cortexlab,brainwidemap
d4291925-ad00-47fe-baaf-3fdff0991e86,f819d499-8bf7-4da0-a431-15377a8319d5,probe01,1,2022-06-16,KS096,cortexlab,brainwidemap
ad714133-1e03-4d3a-8427-33fc483daf1a,8928f98a-b411-497e-aa4b-aa752434686d,probe01,1,2022-06-17,KS096,cortexlab,brainwidemap
be9a2119-a4d7-4e62-82a1-b1a6623ecc99,446f4724-1690-49f9-819a-2bd8e2ea88ce,probe00,1,2022-06-20,KS096,cortexlab,brainwidemap
f336f6a4-f693-4b88-b12c-c5cf0785b061,a2701b93-d8e1-47e9-a819-f1063046f3e7,probe00,1,2022-06-21,KS096,cortexlab,brainwidemap
44fc463b-405f-4048-9242-ac018b9f50f7,0f25376f-2b78-4ddc-8c39-b6cdbe7bf5b9,probe00,1,2020-03-03,DY_008,danlab,brainwidemap
818d2996-766a-4fd9-82b8-7e4cb080af0e,ee13c19e-2790-4418-97ca-48f02e8013bb,probe00,1,2020-03-04,DY_008,danlab,brainwidemap
febb430e-2d50-4f83-87a0-b5ffbb9a4943,db4df448-e449-4a6f-a0e7-288711e7a75a,probe00,1,2020-02-27,DY_009,danlab,brainwidemap
c16b8e98-100f-40ce-b417-b1524c7e1270,3c851386-e92d-4533-8d55-89a46f0e7384,probe00,1,2020-03-02,DY_009,danlab,brainwidemap
b76f24ea-95b1-4a0e-95eb-9c39b1283c40,158d5d35-a2ab-4a76-87b0-51048c5d5283,probe00,1,2020-03-03,DY_009,danlab,brainwidemap
07abb39b-063b-4ef8-b3ab-963c6a1b5cc5,30e5937e-e86a-47e6-93ae-d2ae3877ff8e,probe00,1,2020-03-04,DY_009,danlab,brainwidemap
b9b101cf-24d3-4c2a-8464-bc91b9f0c767,413a6825-2144-4a50-b3fc-cf38ddd6fd1a,probe00,1,2020-03-05,DY_009,danlab,brainwidemap
c2363000-27a6-461e-940b-15f681496ed8,4fa70097-8101-4f10-b585-db39429c5ed0,probe00,1,2020-01-21,DY_010,danlab,brainwidemap
b40d8c65-7ee8-4069-8b64-1a3f7907742f,90d1e82c-c96f-496c-ad4e-ee3f02067f25,probe00,1,2020-01-23,DY_010,danlab,brainwidemap
ccb501d1-a4fa-41c6-819e-54aaf74d439d,bb6a5aae-2431-401d-8f6a-9fdd6de655a9,probe00,1,2020-01-24,DY_010,danlab,brainwidemap
eb99c2c8-e614-4240-931b-169bed23e9f5,931a70ae-90ee-448e-bedb-9d41f3eda647,probe00,1,2020-01-28,DY_010,danlab,brainwidemap
2aea57ac-d3d0-4a09-b6fa-0aa9d58d1e11,02fbb6da-3034-47d6-a61b-7d06c796a830,probe00,1,2020-01-29,DY_010,danlab,brainwidemap
26118c10-35dd-4ab1-9f0f-b9a89a1da070,7bee9f09-a238-42cf-b499-f51f765c6ded,probe00,1,2020-01-31,DY_011,danlab,brainwidemap
898f8971-31e9-4fdb-b66e-2ae6d3a33a5b,36280321-555b-446d-9b7d-c2e17991e090,probe00,1,2020-02-01,DY_011,danlab,brainwidemap
5c278ffe-6452-4c36-b17f-2050c74e13b1,e535fb62-e245-4a48-b119-88ce62a6fe67,probe01,1,2020-03-12,DY_013,danlab,brainwidemap
c4f6665f-8be5-476b-a6e8-d81eeae9279d,e535fb62-e245-4a48-b119-88ce62a6fe67,probe00,1,2020-03-12,DY_013,danlab,brainwidemap
57acb640-4f64-4a89-bedf-69351a3aea75,f25642c6-27a5-4a97-9ea0-06652db79fbd,probe01,1,2020-07-13,DY_014,danlab,brainwidemap
bebe7c8f-0f34-4c3a-8fbb-d2a5119d2961,f25642c6-27a5-4a97-9ea0-06652db79fbd,probe00,1,2020-07-13,DY_014,danlab,brainwidemap
4755877d-fd14-42b3-bc15-e1996d153015,4720c98a-a305-4fba-affb-bbfa00a724a4,probe01,1,2020-07-14,DY_014,danlab,brainwidemap
4f46198d-c54d-4627-9e4e-3c8fd4c3c070,7622da34-51b6-4661-98ae-a57d40806008,probe01,1,2020-07-15,DY_014,danlab,brainwidemap
b910cbe2-0c68-40b2-b9f1-268e7c28320a,b658bc7d-07cd-4203-8a25-7b16b549851b,probe01,1,2020-07-16,DY_014,danlab,brainwidemap
ecde7e20-f135-47dd-8f96-adac49e4942e,b658bc7d-07cd-4203-8a25-7b16b549851b,probe00,1,2020-07-16,DY_014,danlab,brainwidemap
d258bca2-bf18-4491-8d57-5322f705caec,bd456d8f-d36e-434a-8051-ff3997253802,probe00,1,2020-07-17,DY_014,danlab,brainwidemap
1ef94d02-d51a-491f-a313-1bb5238d6b8b,ee8b36de-779f-4dea-901f-e0141c95722b,probe01,1,2020-07-18,DY_014,danlab,brainwidemap
b375a0ee-4c5a-4a53-9cea-d753f206e5c5,ee8b36de-779f-4dea-901f-e0141c95722b,probe00,1,2020-07-18,DY_014,danlab,brainwidemap
954b1983-e603-4611-ba15-dc2db6f988ab,b39752db-abdb-47ab-ae78-e8608bbf50ed,probe00,1,2020-07-19,DY_014,danlab,brainwidemap
d1af1003-247b-4f76-988f-d55cbb72aa80,b39752db-abdb-47ab-ae78-e8608bbf50ed,probe01,1,2020-07-19,DY_014,danlab,brainwidemap
95fd67e6-cbff-4356-80c7-5a03b1bf6b8a,5339812f-8b91-40ba-9d8f-a559563cc46b,probe00,1,2020-09-11,DY_016,danlab,brainwidemap
dab512bd-a02d-4c1f-8dbc-9155a163efc0,d23a44ef-1402-4ed7-97f5-47e9a7a504d9,probe00,1,2020-09-12,DY_016,danlab,brainwidemap
19c9caea-2df8-4097-92f8-0a2bad055948,aa20388b-9ea3-4506-92f1-3c2be84b85db,probe01,1,2020-09-14,DY_016,danlab,brainwidemap
c2184312-2421-492b-bbee-e8c8e982e49e,aa20388b-9ea3-4506-92f1-3c2be84b85db,probe00,1,2020-09-14,DY_016,danlab,brainwidemap
94fcff55-2da2-4366-a2c7-2f58c05b54dc,54238fd6-d2d0-4408-b1a9-d19d24fd29ce,probe01,1,2020-10-15,DY_018,danlab,brainwidemap
f26a6ab1-7e37-4f8d-bb50-295c056e1062,54238fd6-d2d0-4408-b1a9-d19d24fd29ce,probe00,1,2020-10-15,DY_018,danlab,brainwidemap
a6fe3779-2b77-4b66-a625-a6078720e412,e8b4fda3-7fe4-4706-8ec2-91036cfee6bd,probe00,1,2020-10-17,DY_018,danlab,brainwidemap
fb0de39b-c750-4adc-af18-12bf8a22ed41,e8b4fda3-7fe4-4706-8ec2-91036cfee6bd,probe01,1,2020-10-17,DY_018,danlab,brainwidemap
19e0bf1e-018e-40cb-9acd-af8f0f66bd4a,cde63527-7f5a-4cc3-8ac2-215d82e7da26,probe00,1,2020-10-20,DY_018,danlab,brainwidemap
63517fd4-ece1-49eb-9259-371dc30b1dd6,4a45c8ba-db6f-4f11-9403-56e06a33dfa4,probe00,1,2020-09-29,DY_020,danlab,brainwidemap
ca5404f7-297c-40f1-bbf0-5ac0a63e24f8,4a45c8ba-db6f-4f11-9403-56e06a33dfa4,probe01,1,2020-09-29,DY_020,danlab,brainwidemap
6d24683c-da42-4610-baf0-7ceee7014394,f7335a49-4a98-46d2-a8ce-d041d2eac1d6,probe01,1,2020-09-30,DY_020,danlab,brainwidemap
6aa08c75-8ee5-457d-9794-b89ee1c4453f,9eec761e-9762-4897-b308-a3a08c311e69,probe00,1,2020-10-01,DY_020,danlab,brainwidemap
c250d4f4-7516-4cf1-a8bd-04873ca9e21c,9eec761e-9762-4897-b308-a3a08c311e69,probe01,1,2020-10-01,DY_020,danlab,brainwidemap
a3ebc7f4-813a-4f06-a33e-9825c878f9c2,9fe512b8-92a8-4642-83b6-01158ab66c3c,probe01,1,2020-10-02,DY_020,danlab,brainwidemap
a4d9d9d5-6ea3-4234-aa28-e064e83626fa,9fe512b8-92a8-4642-83b6-01158ab66c3c,probe00,1,2020-10-02,DY_020,danlab,brainwidemap
ba291bec-4492-4d7f-a6aa-483ebb64b3c3,26aa51ff-968c-42e4-85c8-8ff47d19254d,probe00,1,2020-10-03,DY_020,danlab,brainwidemap
2400a2fa-0335-480b-ac8d-a478171f3a55,e012d3e3-fdbc-4661-9ffa-5fa284e4e706,probe00,1,2020-10-04,DY_020,danlab,brainwidemap
b939cc85-6028-404a-995d-28c8405a07db,948fd27b-507b-41b3-bdf8-f9f5f0af8e0b,probe00,1,2020-10-05,DY_020,danlab,brainwidemap
6292dc98-e2f1-45de-b045-56d98fdaca75,64977c74-9c04-437a-9ea1-50386c4996db,probe00,1,2022-02-20,PL015,hausserlab,brainwidemap
e5bc1f00-f4b8-4b35-a9b6-60d9cc7959a1,9a6e127b-bb07-4be2-92e2-53dd858c2762,probe00,2,2022-02-21,PL015,hausserlab,brainwidemap
c736dc60-0726-410d-8419-cb6ea025d5b1,90e524a2-aa63-47ce-b5b8-1b1941a1223a,probe00,1,2022-02-23,PL015,hausserlab,brainwidemap
46cd9c0a-39de-4aeb-90a6-86a2fda0b1a4,58c4bf97-ec3b-45b4-9db4-d5d9515d5b00,probe00,1,2022-01-17,PL016,hausserlab,brainwidemap
594664af-9033-4651-861d-2be9277c9866,10fac7a1-919d-4ca7-83c4-4675bd8d9416,probe00,1,2021-11-07,PL017,hausserlab,brainwidemap
81f0087b-2bd1-4e48-8e86-e8206aee3d9d,8b1f4024-3d96-4ee7-95f9-8a1dfd4ce4ef,probe00,1,2021-11-09,PL017,hausserlab,brainwidemap
a6bcfe32-69ce-414f-80bc-495d1b4906af,68775ca0-b056-48d5-b6ae-a4c2a76ae48f,probe00,1,2021-11-14,PL017,hausserlab,brainwidemap
e8901184-9f60-4309-bee5-c3c95030550a,f27e6cd6-cdd3-4524-b8e3-8146046e2a7d,probe00,1,2021-11-15,PL017,hausserlab,brainwidemap
2cbb5bc7-edbd-431e-a931-21e466d20dec,1b61b7f2-a599-4e40-abd6-3e758d2c9e25,probe00,1,2021-11-30,PL017,hausserlab,brainwidemap
3c9c3757-32dd-40cf-83ec-5e21731ce9c5,cea755db-4eee-4138-bdd6-fc23a572f5a1,probe00,1,2021-12-01,PL017,hausserlab,brainwidemap
1a924329-65aa-465d-b201-c2dd898aebd0,2038e95d-64d4-4ecb-83d0-1308d3c598f8,probe00,1,2022-10-06,PL030,hausserlab,brainwidemap
6981808a-357c-4ffd-9989-33160ba9e256,61caa69d-088b-465a-b9d0-d75341dabac6,probe00,1,2022-10-13,PL030,hausserlab,brainwidemap
379105fd-dbb1-40d9-8a51-ae5a8ef8df04,ef38e503-dd79-4185-bf87-4712d4f274fe,probe00,1,2022-11-15,PL031,hausserlab,brainwidemap
fd6d686b-eae1-44cb-adbb-159c69c85827,fbd28ea6-3251-48e0-b215-2c51ec5185f7,probe00,1,2022-11-16,PL031,hausserlab,brainwidemap
623bb859-eb7c-4739-ba18-28ecad1d9fbb,c8e11fd8-d130-4f06-abba-9aa20240ce7c,probe00,1,2022-12-07,PL031,hausserlab,brainwidemap
a464fc97-1391-4bbe-9aef-73a79975d27f,4546cd60-fa2a-4d20-a9b6-d091e01d16f2,probe00,1,2022-10-05,PL033,hausserlab,brainwidemap
c1014051-d06b-4f85-9887-e7c42a94baf2,cef05f87-161b-4031-932c-6f47daf89698,probe00,1,2022-10-06,PL033,hausserlab,brainwidemap
22f26d69-0b30-450e-9618-ee801b720e0a,a34b4013-414b-42ed-9318-e93fbbc71e7b,probe00,1,2022-10-25,PL033,hausserlab,brainwidemap
ec2fbc3e-cb2b-48cb-a521-3a6ca15e244c,94dabed1-741c-4ddd-a6b7-70561e27b750,probe00,2,2022-10-29,PL033,hausserlab,brainwidemap
77121d92-6dde-4243-ab54-0a99efa22e99,be164a14-6e73-42c3-ab60-d29c48693c0f,probe00,1,2022-11-02,PL033,hausserlab,brainwidemap
8b31b4bd-003e-4816-a3bf-2df4cc3558f8,37ac03f1-9831-4a30-90fc-a59e635b98bd,probe00,1,2022-11-03,PL033,hausserlab,brainwidemap
4f922a5b-5014-455d-8cd5-7caed78af615,87ad026d-5b95-4022-8d59-c260870d830f,probe00,1,2022-10-18,PL034,hausserlab,brainwidemap
81950362-ed95-4662-997f-e119bbd594d1,3bb54985-77b2-421d-9d1f-46185be51216,probe00,1,2022-10-19,PL034,hausserlab,brainwidemap
0a85a28b-e9e3-44ec-ad4d-88ba9116ff63,6cbeead9-bb7a-40e1-8ccd-47ae60239654,probe00,1,2022-10-20,PL034,hausserlab,brainwidemap
d552cffa-b662-40bd-b1e3-98d0a8face2c,a2b9fbbe-79fc-4166-a16e-b307813a2f06,probe00,1,2023-04-12,PL035,hausserlab,brainwidemap
f72e60c3-3593-466a-afaf-91145c44fb2b,36573e0b-ddd6-4504-94ec-9a23c877486c,probe00,1,2023-04-14,PL035,hausserlab,brainwidemap
a44a9942-0667-4d49-9047-40d2256c9854,04749a70-ac63-477d-8392-d4d529184fab,probe00,1,2023-04-15,PL035,hausserlab,brainwidemap
d70f3604-b3cc-41b0-967a-f6619b2586a7,d23b005f-46f5-4fe1-870c-f55f6eb9533d,probe00,1,2023-04-06,PL037,hausserlab,brainwidemap
a450558e-195f-44ff-979b-6b6420c9621b,7235b10c-6621-44ea-abe9-01559633472d,probe00,1,2023-04-07,PL037,hausserlab,brainwidemap
e033ef96-3590-4e52-bb01-6c6d75bab083,fd03d365-91df-41e2-ad81-9e0e4b9f5c7b,probe00,1,2023-04-09,PL037,hausserlab,brainwidemap
31258665-fbe8-4599-9c5f-dbc0eeee9c51,62ff920c-2fdd-4feb-9d9f-0d66f2e595a1,probe00,1,2023-04-10,PL037,hausserlab,brainwidemap
0a45a464-a909-4b7c-a3e0-cd6cfb4262e4,14127fdb-2e66-4823-b124-f49c128ba94d,probe00,1,2023-04-13,PL037,hausserlab,brainwidemap
88e148d2-d554-42c2-9c41-cc6369f98c45,7eeb8423-49e6-4d40-ab6f-703d17af231a,probe00,1,2023-04-14,PL037,hausserlab,brainwidemap
e4ce2e94-6fb9-4afe-acbf-6f5a3498602e,6ab9d98c-b1e9-4574-b8fe-b9eec88097e0,probe00,1,2023-06-05,PL050,hausserlab,brainwidemap
c5b9e063-f640-4936-b851-f7602cb6659b,0cf6d255-8f2f-463e-84fb-c54bacb79f51,probe00,1,2023-06-07,PL050,hausserlab,brainwidemap
47403ac7-6635-4477-9477-18ff605ff5d4,98e0074c-706a-40e5-bbb5-223f97585a99,probe00,1,2023-06-09,PL050,hausserlab,brainwidemap
22609d51-0a6a-425d-a3ef-eeb43a9ba350,1dbba733-24a4-4400-9436-53f1bd8428e8,probe01,1,2023-06-12,PL050,hausserlab,brainwidemap
b114e7e0-92b3-43bb-9529-53860e52606d,2584ce3c-db10-4076-89cb-5d313138dd38,probe00,1,2023-06-13,PL050,hausserlab,brainwidemap
4f10fbb7-57be-427b-bb1d-a19bd31dc27b,66d98e6e-bcd9-4e78-8fbb-636f7e808b29,probe00,1,2020-07-13,SWC_042,hoferlab,brainwidemap
b73ef9cf-462c-4de3-ae61-5907790ebd0e,f9860a11-24d3-452e-ab95-39e199f20a93,probe00,1,2020-07-17,SWC_042,hoferlab,brainwidemap
df7d2ca7-068b-4df2-9782-8f6bb7d67f18,f9860a11-24d3-452e-ab95-39e199f20a93,probe01,1,2020-07-17,SWC_042,hoferlab,brainwidemap
2a7caaa4-1710-49a1-ade4-db0a986ae6f5,f3ce3197-d534-4618-bf81-b687555d1883,probe01,1,2020-09-15,SWC_043,hoferlab,brainwidemap
bef552f5-efd8-4e98-8467-d54ac7c4ef41,6f09ba7e-e3ce-44b0-932b-c003fb44fb89,probe00,2,2020-09-16,SWC_043,hoferlab,brainwidemap
c17772a9-21b5-49df-ab31-3017addea12e,6f09ba7e-e3ce-44b0-932b-c003fb44fb89,probe01,2,2020-09-16,SWC_043,hoferlab,brainwidemap
3fd2d2b3-9415-4b6e-b392-40427fb1c388,88d24c31-52e4-49cc-9f32-6adbeb9eba87,probe00,1,2020-09-19,SWC_043,hoferlab,brainwidemap
1e104bf4-7a24-4624-a5b2-c2c8289c0de7,c6db3304-c906-400c-aa0f-45dd3945b2ea,probe00,1,2020-09-20,SWC_043,hoferlab,brainwidemap
da8dfec1-d265-44e8-84ce-6ae9c109b8bd,4ecb5d24-f5cc-402c-be28-9d0f7cb14b3a,probe00,1,2020-09-21,SWC_043,hoferlab,brainwidemap
6fc4d73c-2071-43ec-a756-c6c6d8322c8b,dac3a4c1-b666-4de0-87e8-8c514483cacf,probe01,1,2020-11-24,SWC_060,hoferlab,brainwidemap
b33e4298-a735-4781-8dea-d7203b4137fb,875c1e5c-f7ec-45ac-ab82-ecfe7276a707,probe00,1,2020-11-25,SWC_060,hoferlab,brainwidemap
d151b391-e6e4-4daf-bd9c-191f4ad837b4,875c1e5c-f7ec-45ac-ab82-ecfe7276a707,probe01,1,2020-11-25,SWC_060,hoferlab,brainwidemap
0f306cdc-878a-4ea0-9e91-b97736731637,81a1dca0-cc90-47c5-afe3-c277319c47c8,probe01,1,2020-11-26,SWC_060,hoferlab,brainwidemap
8386f396-0a69-48b5-98d4-18801066ea76,81a1dca0-cc90-47c5-afe3-c277319c47c8,probe00,1,2020-11-26,SWC_060,hoferlab,brainwidemap
31d8dfb1-71fd-4c53-9229-7cd48bee07e4,493170a6-fd94-4ee4-884f-cc018c17eeb9,probe01,1,2020-11-23,SWC_061,hoferlab,brainwidemap
68f5f1e4-5e88-4aa5-8a1a-94b691adb11e,493170a6-fd94-4ee4-884f-cc018c17eeb9,probe00,1,2020-11-23,SWC_061,hoferlab,brainwidemap
02328ef5-47d4-4690-b020-04b6315aa2d6,360eac0c-7d2d-4cc1-9dcf-79fc7afc56e7,probe00,1,2020-11-26,SWC_061,hoferlab,brainwidemap
06c6741e-9f2a-4114-8ca9-0dc5ccc951e6,360eac0c-7d2d-4cc1-9dcf-79fc7afc56e7,probe01,1,2020-11-26,SWC_061,hoferlab,brainwidemap
6efc58a4-e1cd-4eca-9205-7e4898cc1f8b,d7e60cc3-6020-429e-a654-636c6cc677ea,probe01,1,2020-11-30,SWC_061,hoferlab,brainwidemap
8ee585ba-d055-4bb5-bc5f-2266a3d62bf4,d7e60cc3-6020-429e-a654-636c6cc677ea,probe00,1,2020-11-30,SWC_061,hoferlab,brainwidemap
9b3ad89a-177f-4242-9a96-2fd98721e47f,a4747ac8-6a75-444f-b99b-696fff0243fd,probe00,1,2022-04-28,SWC_066,hoferlab,brainwidemap
63a32e5c-f63a-450d-85cb-140947b67eaf,c4432264-e1ae-446f-8a07-6280abade813,probe00,1,2020-12-01,ZFM-01576,mainenlab,brainwidemap
6eb8be8d-d089-43c6-b2e4-a6558ca16dcf,9e9c6fc0-4769-4d83-9ea4-b59a1230510e,probe00,1,2020-12-03,ZFM-01576,mainenlab,brainwidemap
b78b3c42-eee5-47c6-9717-743b78c0b721,09b2c4d1-058d-4c84-9fd4-97530f85baf6,probe00,1,2020-10-28,ZFM-01577,mainenlab,brainwidemap
61ed1a53-2f33-4a83-82ba-ec7dfa65bf60,5d6aa933-4b00-4e99-ae2d-5003657592e9,probe01,1,2020-10-29,ZFM-01577,mainenlab,brainwidemap
e31b4e39-e350-47a9-aca4-72496d99ff2a,746d1902-fa59-4cab-b0aa-013be36060d5,probe00,1,2020-10-20,ZFM-01592,mainenlab,brainwidemap
64f4afa4-ec5f-4ad6-ab28-415a9a8098ed,5b609f9b-75cb-43d3-9c39-b5b4b7a0db67,probe01,1,2020-10-21,ZFM-01592,mainenlab,brainwidemap
7be00744-2e27-4062-8f56-3969e24e9990,1a507308-c63a-4e02-8f32-3239a07dc578,probe00,1,2021-02-03,ZFM-01935,mainenlab,brainwidemap
834fca72-0b69-44e4-b77e-95a61290b50d,1a507308-c63a-4e02-8f32-3239a07dc578,probe01,1,2021-02-03,ZFM-01935,mainenlab,brainwidemap
05ccc92c-fcb0-4e92-84d3-de033890c7a8,f5591ac5-311d-4fa8-9bad-029d7be9c491,probe00,1,2021-02-04,ZFM-01935,mainenlab,brainwidemap
36362f75-96d8-4ed4-a728-5e72284d0995,d0ea3148-948d-4817-94f8-dcaf2342bbbe,probe00,1,2021-01-19,ZFM-01936,mainenlab,brainwidemap
fddceb2e-82ba-493d-baba-c5d8af65981f,4aa1d525-5c7d-4c50-a147-ec53a9014812,probe00,1,2021-01-20,ZFM-01936,mainenlab,brainwidemap
c2ebf259-9777-4a8f-b1de-5302776961d2,9b5a1754-ac99-4d53-97d3-35c2f6638507,probe00,2,2021-01-22,ZFM-01936,mainenlab,brainwidemap
688606f8-9733-46f2-8331-b2dd84c5d385,2c44a360-5a56-4971-8009-f469fb59de98,probe01,1,2021-01-23,ZFM-01936,mainenlab,brainwidemap
eab03c6e-bf98-48d2-8a0c-1887f34dd554,2c44a360-5a56-4971-8009-f469fb59de98,probe00,1,2021-01-23,ZFM-01936,mainenlab,brainwidemap
be95fb3b-d607-409a-968e-98a3e9bcb577,3f6e25ae-c007-4dc3-aa77-450fd5705046,probe00,1,2021-01-24,ZFM-01936,mainenlab,brainwidemap
af2a0072-e17e-4368-b80b-1359bf6d4647,113c5b6c-940e-4b21-b462-789b4c2be0e5,probe00,1,2021-04-08,ZFM-01937,mainenlab,brainwidemap
b8dbd3af-a589-41e4-878c-3372eaa1a8f6,0b7ee1b6-42db-46cd-a465-08f531366187,probe00,1,2021-04-09,ZFM-01937,mainenlab,brainwidemap
0b8ea3ec-e75b-41a1-9442-64f5fbc11a5a,a4a74102-2af5-45dc-9e41-ef7f5aed88be,probe00,1,2021-06-01,ZFM-02368,mainenlab,brainwidemap
a5f2ec22-0ff3-4249-bd2f-6247c3990e53,a4a74102-2af5-45dc-9e41-ef7f5aed88be,probe01,1,2021-06-01,ZFM-02368,mainenlab,brainwidemap
f4bd76a6-66c9-41f3-9311-6962315f8fc8,72cb5550-43b4-4ef0-add5-e4adfdfb5e02,probe00,1,2021-05-19,ZFM-02369,mainenlab,brainwidemap
664de6d9-bba2-424b-b76c-bb61900c015f,d0c91c3c-8cbb-4929-8657-31f18bffc294,probe00,1,2021-04-27,ZFM-02370,mainenlab,brainwidemap
adcd791c-ead3-4572-a9cb-028bbee1d2e4,6f6d2c8e-28be-49f4-ae4d-06be2d3148c1,probe00,1,2021-04-28,ZFM-02370,mainenlab,brainwidemap
523f8301-4f56-4faf-ab33-a9ff11331118,88224abb-5746-431f-9c17-17d7ef806e6a,probe00,2,2021-06-01,ZFM-02372,mainenlab,brainwidemap
3eb6e6e0-8a57-49d6-b7c9-f39d5834e682,0802ced5-33a3-405e-8336-b65ebc5cb07c,probe01,1,2021-06-23,ZFM-02373,mainenlab,brainwidemap
7d999a68-0215-4e45-8e6c-879c6ca2b771,0802ced5-33a3-405e-8336-b65ebc5cb07c,probe00,1,2021-06-23,ZFM-02373,mainenlab,brainwidemap
1f5d62cb-814f-4ab2-b6af-7557ea04d56a,239dd3c9-35f3-4462-95ee-91b822a22e6b,probe00,1,2022-07-26,ZFM-04308,mainenlab,brainwidemap
e40193d5-8158-40a1-924b-5a01ed2565dc,239dd3c9-35f3-4462-95ee-91b822a22e6b,probe01,1,2022-07-26,ZFM-04308,mainenlab,brainwidemap
5a34d971-1cb3-4f0e-8dfe-e51e2313a668,dd4da095-4a99-4bf3-9727-f735077dba66,probe01,1,2019-12-02,ZM_1897,mainenlab,brainwidemap
8f2e16c4-893b-4f8f-bfb2-94fa452710ec,dd4da095-4a99-4bf3-9727-f735077dba66,probe00,1,2019-12-02,ZM_1897,mainenlab,brainwidemap
071f02e7-752a-4094-af79-8dd764e9d85d,e5fae088-ed96-4d9b-82f9-dfd13c259d52,probe00,1,2019-12-06,ZM_1897,mainenlab,brainwidemap
2ce1d485-ebce-41a2-a5ce-aa109d5a13a3,d33baf74-263c-4b37-a0d0-b79dcb80a764,probe00,1,2020-01-21,ZM_2240,mainenlab,brainwidemap
1bf5c05b-3654-4d5c-bac9-2b96edd12adf,259927fd-7563-4b03-bc5d-17b4d0fa7a55,probe00,1,2020-01-22,ZM_2240,mainenlab,brainwidemap
1d237afc-ac2f-4bac-a163-a397fe09819f,259927fd-7563-4b03-bc5d-17b4d0fa7a55,probe01,1,2020-01-22,ZM_2240,mainenlab,brainwidemap
38124fca-a0ac-4b58-8e8b-84a2357850e6,510b1a50-825d-44ce-86f6-9678f5396e02,probe00,1,2020-01-23,ZM_2240,mainenlab,brainwidemap
7beb9419-113d-4e47-938c-68ab2657031e,193fe7a8-4eb5-4f3e-815a-0c45864ddd77,probe00,1,2020-01-24,ZM_2240,mainenlab,brainwidemap
dc7e9403-19f7-409f-9240-05ee57cb7aea,ff4187b5-4176-4e39-8894-53a24b7cf36b,probe01,1,2020-01-27,ZM_2241,mainenlab,brainwidemap
ebd18510-c263-4d5b-a736-a588862a6972,ff4187b5-4176-4e39-8894-53a24b7cf36b,probe00,1,2020-01-27,ZM_2241,mainenlab,brainwidemap
5a2f99aa-d3f5-469d-882e-0a16ee869746,465c44bd-2e67-4112-977b-36e1ac7e3f8c,probe01,1,2020-01-28,ZM_2241,mainenlab,brainwidemap
f4f45cff-c45c-413a-92ea-b6533e3e0019,e49d8ee7-24b9-416a-9d04-9be33b655f40,probe00,8,2020-01-29,ZM_2241,mainenlab,brainwidemap
f03b61b4-6b13-479d-940f-d1608eb275cc,ee40aece-cffd-4edb-a4b6-155f158c666a,probe00,1,2020-01-30,ZM_2241,mainenlab,brainwidemap
8ab470cc-de5a-4d65-92bd-9a25fbe6d07d,f8d5c8b0-b931-4151-b86c-c471e2e80e5d,probe01,1,2020-01-31,ZM_2241,mainenlab,brainwidemap
55001cb4-e10f-4657-9760-1228b590a69c,cb2ad999-a6cb-42ff-bf71-1774c57e5308,probe01,2,2020-01-21,ZM_2245,mainenlab,brainwidemap
8f4fd564-7e34-4113-a6e4-ae40faa64f7a,cb2ad999-a6cb-42ff-bf71-1774c57e5308,probe00,2,2020-01-21,ZM_2245,mainenlab,brainwidemap
0b877123-0902-4432-b789-c4c6cc681df4,934dd7a4-fbdc-459c-8830-04fe9033bc28,probe00,1,2020-07-27,ZM_3003,mainenlab,brainwidemap
749cb2b7-e57e-4453-a794-f6230e4d0226,4d8c7767-981c-4347-8e5e-5d5fffe38534,probe01,1,2020-07-30,SWC_038,mrsicflogellab,brainwidemap
ea084e63-c0cb-4e11-8440-302de8fc76ee,4d8c7767-981c-4347-8e5e-5d5fffe38534,probe00,1,2020-07-30,SWC_038,mrsicflogellab,brainwidemap
2b3c3126-11f3-4a8e-aa44-2f965bf8ab9c,1e45d992-c356-40e1-9be1-a506d944896f,probe01,1,2020-07-31,SWC_038,mrsicflogellab,brainwidemap
76de0e1a-30aa-4713-9fe5-25ad2dff653f,1e45d992-c356-40e1-9be1-a506d944896f,probe00,1,2020-07-31,SWC_038,mrsicflogellab,brainwidemap
7bd5627e-b02e-47f1-b476-4bf8eaa726b3,03063955-2523-47bd-ae57-f7489dd40f15,probe01,1,2020-08-01,SWC_038,mrsicflogellab,brainwidemap
578ca001-8cf5-4d30-b58f-1d574eaf808a,45ef6691-7b80-4a43-bd1a-85fc00851ae8,probe01,1,2020-10-17,SWC_052,mrsicflogellab,brainwidemap
0143d3fe-79c2-4922-8332-62c3e4e0ba85,22e04698-b974-4805-b241-3b547dbf37bf,probe00,2,2020-10-21,SWC_052,mrsicflogellab,brainwidemap
4b93a168-0f3b-4124-88fa-a57046ca70e1,7cb81727-2097-4b52-b480-c89867b5b34c,probe01,1,2020-10-22,SWC_052,mrsicflogellab,brainwidemap
642a3373-6fee-4f2a-b8d6-38dd42ada763,7cb81727-2097-4b52-b480-c89867b5b34c,probe00,1,2020-10-22,SWC_052,mrsicflogellab,brainwidemap
ce397420-3cd2-4a55-8fd1-5e28321981f4,56b57c38-2699-4091-90a8-aba35103155e,probe01,1,2020-10-05,SWC_054,mrsicflogellab,brainwidemap
c0c3c95d-43c3-4e30-9ce7-0519d0473911,6c6983ef-7383-4989-9183-32b1a300d17a,probe00,1,2020-10-07,SWC_054,mrsicflogellab,brainwidemap
143dd7cf-6a47-47a1-906d-927ad7fe9117,3638d102-e8b6-4230-8742-e548cd87a949,probe01,1,2020-12-07,SWC_058,mrsicflogellab,brainwidemap
810416d1-ce3c-4b2e-a827-6cdc65c8cd5c,e6043c7d-8f6e-4b66-8309-2ec0abac0f79,probe00,1,2022-03-22,NR_0017,steinmetzlab,brainwidemap
485b50c8-71e1-4654-9a07-64395c15f5ed,9b528ad0-4599-4a55-9148-96cc1d93fb24,probe00,1,2022-04-29,NR_0019,steinmetzlab,brainwidemap
33cde267-919e-4c4d-9105-814787499837,b887df2c-bb9c-44c9-a9c0-538da87b2cab,probe00,1,2022-05-01,NR_0019,steinmetzlab,brainwidemap
59b7a543-8827-4157-a4f6-d5d0e50fdf39,b887df2c-bb9c-44c9-a9c0-538da87b2cab,probe01,1,2022-05-01,NR_0019,steinmetzlab,brainwidemap
0aafb6f1-6c10-4886-8f03-543988e02d9e,3e6a97d3-3991-49e2-b346-6948cb4580fb,probe00,1,2022-05-08,NR_0020,steinmetzlab,brainwidemap
b976e816-bc24-42e3-adf4-2801f1a52657,3e6a97d3-3991-49e2-b346-6948cb4580fb,probe01,1,2022-05-08,NR_0020,steinmetzlab,brainwidemap
dac5defe-62b8-4cc0-96cb-b9f923957c7f,eacc49a9-f3a1-49f1-b87f-0972f90ee837,probe00,1,2022-05-09,NR_0020,steinmetzlab,brainwidemap
e9cf749b-85dc-4b59-834b-325cec608c48,eacc49a9-f3a1-49f1-b87f-0972f90ee837,probe01,1,2022-05-09,NR_0020,steinmetzlab,brainwidemap
f84f36c9-88f8-4d80-ba34-7f7a2b254ece,5b49aca6-a6f4-4075-931a-617ad64c219c,probe01,1,2022-05-10,NR_0020,steinmetzlab,brainwidemap
12c0f3a9-518e-4dac-9651-5d95c2b4730f,d901aff5-2250-467a-b4a1-0cb9729df9e2,probe01,1,2022-05-11,NR_0020,steinmetzlab,brainwidemap
96c816ad-9a48-46a4-8a84-9a73cc153d69,d901aff5-2250-467a-b4a1-0cb9729df9e2,probe00,1,2022-05-11,NR_0020,steinmetzlab,brainwidemap
07c79864-6fff-4e72-9fce-1c982e3457f9,27ef44c0-acb2-4220-b776-477d0d5abd35,probe00,1,2022-06-28,NR_0021,steinmetzlab,brainwidemap
d23dec01-b35e-4950-9afa-72a1b3e74148,27ef44c0-acb2-4220-b776-477d0d5abd35,probe01,1,2022-06-28,NR_0021,steinmetzlab,brainwidemap
f865ea6c-6288-4a77-9a94-ef740166e9c7,1ca83b26-30fc-4350-a616-c38b7d00d240,probe00,2,2022-06-30,NR_0021,steinmetzlab,brainwidemap
799d899d-c398-4e81-abaf-1ef4b02d5475,e0928e11-2b86-4387-a203-80c77fab5d52,probe01,1,2022-07-08,NR_0021,steinmetzlab,brainwidemap
fdeff6df-7216-4b83-ab64-241e9fd173da,e0928e11-2b86-4387-a203-80c77fab5d52,probe00,1,2022-07-08,NR_0021,steinmetzlab,brainwidemap
cc701ed3-84b6-4b8e-8390-2e3f54414b19,3bcb81b4-d9ca-4fc9-a1cd-353a966239ca,probe01,1,2023-01-19,NR_0024,steinmetzlab,brainwidemap
d004f105-9886-4b83-a59a-f9173131a383,3bcb81b4-d9ca-4fc9-a1cd-353a966239ca,probe00,1,2023-01-19,NR_0024,steinmetzlab,brainwidemap
27109779-1b15-4d74-893f-08216d231307,7cc74598-9c1b-436b-84fa-0bf89f31adf6,probe00,1,2023-02-01,NR_0024,steinmetzlab,brainwidemap
00c425fd-ec3e-4cd2-b8af-c0bc0c4bdd44,2d9bfc10-59fb-424a-b699-7c42f86c7871,probe00,1,2023-02-03,NR_0024,steinmetzlab,brainwidemap
e5bd461c-a713-4b3c-b165-a132a711e59d,f4eb56a4-8bf8-4bbc-a8f3-6e6535134bad,probe01,1,2023-02-07,NR_0024,steinmetzlab,brainwidemap
3fded122-619c-4e65-aadd-d5420978d167,6c6b0d06-6039-4525-a74b-58cfaa1d3a60,probe00,1,2022-08-19,NR_0027,steinmetzlab,brainwidemap
6bd246d2-b2c2-4a88-ac44-1a3e0facbaee,6c6b0d06-6039-4525-a74b-58cfaa1d3a60,probe01,1,2022-08-19,NR_0027,steinmetzlab,brainwidemap
4d2e7e49-5b08-4914-afa6-fd311d957082,195443eb-08e9-4a18-a7e1-d105b2ce1429,probe00,1,2022-08-20,NR_0027,steinmetzlab,brainwidemap
1ab86a7f-578b-4a46-9c9c-df3be97abcca,0f77ca5d-73c2-45bd-aa4c-4c5ed275dbde,probe00,1,2022-08-22,NR_0027,steinmetzlab,brainwidemap
eb7e9f3f-b79d-4cdd-bc24-b13a4008c1b5,0f77ca5d-73c2-45bd-aa4c-4c5ed275dbde,probe01,1,2022-08-22,NR_0027,steinmetzlab,brainwidemap
06cb2ee3-0fb8-4ace-acbe-19c716f3ca40,ae8787b1-4229-4d56-b0c2-566b61a25b77,probe00,1,2022-08-23,NR_0027,steinmetzlab,brainwidemap
310c60b6-d68f-4018-a86a-3668ce296837,ae8787b1-4229-4d56-b0c2-566b61a25b77,probe01,1,2022-08-23,NR_0027,steinmetzlab,brainwidemap
478de1ce-d7e7-4221-9365-2abdc6e88fb6,5c0c560e-9e1f-45e9-b66e-e4ee7855be84,probe00,1,2023-03-07,NR_0028,steinmetzlab,brainwidemap
d5e5311c-8beb-4f8f-b798-3e9bfa6bcdd8,5c0c560e-9e1f-45e9-b66e-e4ee7855be84,probe01,1,2023-03-07,NR_0028,steinmetzlab,brainwidemap
81ef1ec7-dbcc-410f-9bff-b21a62a909fd,29a6def1-fc5c-4eea-ac48-47e9b053dcb5,probe00,1,2023-03-14,NR_0028,steinmetzlab,brainwidemap
18d316bf-d322-4c5c-814e-a58147f7bf5f,f56194bc-8215-4ae8-bc6a-89781ad8e050,probe01,3,2023-03-15,NR_0028,steinmetzlab,brainwidemap
f0c390da-d8e3-4b5f-8df7-bd2f153ed01b,f56194bc-8215-4ae8-bc6a-89781ad8e050,probe00,3,2023-03-15,NR_0028,steinmetzlab,brainwidemap
9b5fec96-9f19-4ddf-ba1c-3175e15245e9,e6594a5b-552c-421a-b376-1a1baa9dc4fd,probe00,1,2023-08-30,NR_0029,steinmetzlab,brainwidemap
49c2ea3d-2b50-4e8a-b124-9e190960784e,642c97ea-fe89-4ec9-8629-5e492ea4019d,probe00,1,2023-07-12,NR_0031,steinmetzlab,brainwidemap
b72b22c2-6e9d-4604-9910-20c0e1a467d7,642c97ea-fe89-4ec9-8629-5e492ea4019d,probe01,1,2023-07-12,NR_0031,steinmetzlab,brainwidemap
4836a465-c691-4852-a0b1-dcd2b1ce38a1,caa5dddc-9290-4e27-9f5e-575ba3598614,probe00,1,2023-07-14,NR_0031,steinmetzlab,brainwidemap
d0046384-16ea-4f69-bae9-165e8d0aeacf,caa5dddc-9290-4e27-9f5e-575ba3598614,probe01,1,2023-07-14,NR_0031,steinmetzlab,brainwidemap
3283d8ec-1436-4529-8a16-941bbf65c91d,5139ce2c-7d52-44bf-8129-692d61dd6403,probe00,1,2019-11-26,ibl_witten_13,wittenlab,brainwidemap
eb82b081-4edc-4d6a-89ee-3453d1c4c8f0,5139ce2c-7d52-44bf-8129-692d61dd6403,probe01,1,2019-11-26,ibl_witten_13,wittenlab,brainwidemap
958b1089-a066-43e2-990d-8aad703429a2,49368f16-de69-4647-9a7a-761e94517821,probe00,1,2019-11-27,ibl_witten_13,wittenlab,brainwidemap
11a5a93e-58a9-4ed0-995e-52279ec16b98,ebe090af-5922-4fcd-8fc6-17b8ba7bad6d,probe01,1,2019-12-03,ibl_witten_13,wittenlab,brainwidemap
800e8e76-dc93-4e52-ae8d-e35ad26daefe,d832d9f7-c96a-4f63-8921-516ba4a7b61f,probe01,3,2020-07-22,ibl_witten_17,wittenlab,brainwidemap
46630957-63fd-4d0d-a2ba-8766f0796db8,cae5cd75-55e5-4277-8db3-cf4d6c5ff918,probe00,4,2020-09-01,ibl_witten_18,wittenlab,brainwidemap
f142d2c6-6d85-4e9d-9c56-07620486e068,25f77e81-c1af-46ab-8686-73ac3d67c4a7,probe00,2,2020-09-03,ibl_witten_18,wittenlab,brainwidemap
20469b30-1cd8-4078-9883-a840a0f6d787,4ddb8a95-788b-48d0-8a0a-66c7c796da96,probe01,1,2020-07-21,ibl_witten_19,wittenlab,brainwidemap
d3b3c9a7-cf6a-4d25-b8da-e0f599a26191,4ddb8a95-788b-48d0-8a0a-66c7c796da96,probe00,1,2020-07-21,ibl_witten_19,wittenlab,brainwidemap
8aba5f8c-4438-4588-9bb0-b20d2fd3eca5,f8041c1e-5ef4-4ae6-afec-ed82d7a74dc1,probe01,1,2020-07-22,ibl_witten_19,wittenlab,brainwidemap
b549e337-acc5-4837-9c56-e53b173fe5fe,65f5c9b4-4440-48b9-b914-c593a5184a18,probe00,1,2020-07-23,ibl_witten_19,wittenlab,brainwidemap
769b42dc-acf3-4079-b09e-ec979568d297,a7763417-e0d6-4f2a-aa55-e382fd9b5fb8,probe01,1,2020-09-03,ibl_witten_20,wittenlab,brainwidemap
84fd7fa3-6c2d-4233-b265-46a427d3d68d,ff96bfe1-d925-4553-94b5-bf8297adf259,probe01,2,2021-01-27,ibl_witten_26,wittenlab,brainwidemap
9338f8bb-e097-46d8-81b4-7f37beb4d308,a9138924-4395-4981-83d1-530f6ff7c8fc,probe00,1,2021-01-28,ibl_witten_26,wittenlab,brainwidemap
19137f8d-0f3b-4923-93ad-f741758e1b2e,952870e5-f2a7-4518-9e6d-71585460f6fe,probe01,1,2021-01-19,ibl_witten_27,wittenlab,brainwidemap
727ff7c4-d63f-4bd8-9888-f134a25b874f,952870e5-f2a7-4518-9e6d-71585460f6fe,probe00,1,2021-01-19,ibl_witten_27,wittenlab,brainwidemap
94761f31-0dfc-4f67-87ef-6d1ac7f95144,f304211a-81b1-446f-a435-25e589fe3a5a,probe01,1,2021-01-20,ibl_witten_27,wittenlab,brainwidemap
0851db85-2889-4070-ac18-a40e8ebd96ba,73918ae1-e4fd-4c18-b132-00cb555b1ad2,probe01,1,2021-01-21,ibl_witten_27,wittenlab,brainwidemap
c9fb5e2e-bd92-41d8-8b7e-394005860a1e,73918ae1-e4fd-4c18-b132-00cb555b1ad2,probe00,1,2021-01-21,ibl_witten_27,wittenlab,brainwidemap
b25799a5-09e8-4656-9c1b-44bc9cbb5279,d2832a38-27f6-452d-91d6-af72d794136c,probe00,1,2021-06-08,ibl_witten_29,wittenlab,brainwidemap
d8ccc6bb-f0d9-494a-b682-f12c73e228c6,0cc486c3-8c7b-494d-aa04-b70e2690bcba,probe01,2,2021-06-09,ibl_witten_29,wittenlab,brainwidemap
06d42449-d6ac-4c35-8f85-24ecfbc08bc1,e9fc0a2d-c69d-44d1-9fa3-314782387cae,probe00,3,2021-06-10,ibl_witten_29,wittenlab,brainwidemap
bb7a5967-56ae-4193-920d-142710b4f07d,72028382-a869-4745-bacf-cb8789e16953,probe00,1,2021-06-11,ibl_witten_29,wittenlab,brainwidemap
7d63ab43-95e4-41f5-bd43-c629578de7a9,af55d16f-0e31-4073-bdb5-26da54914aa2,probe00,3,2021-06-14,ibl_witten_29,wittenlab,brainwidemap
fcc167d6-cb53-4dc7-a58f-06a53cfabc84,86b6ba67-c1db-4333-add0-f8105ea6e363,probe01,1,2021-06-18,ibl_witten_29,wittenlab,brainwidemap
1f555fc6-5067-428b-a284-da6fb0b6b3a0,58b1e920-cfc8-467e-b28b-7654a55d0977,probe00,1,2021-06-19,ibl_witten_29,wittenlab,brainwidemap
f7c49002-6565-4314-83f7-19b9a16d8e61,08102cfc-a040-4bcf-b63c-faa0f4914a6f,probe01,2,2021-07-21,ibl_witten_32,wittenlab,brainwidemap
6d3b68e0-3efd-4b03-b747-16e44118a0a9,3e7ae7c0-fe8b-487c-9354-036236fa1010,probe00,1,2020-01-16,CSH_ZAD_001,zadorlab,brainwidemap
d6c810b2-5922-4127-af2b-4b104bc55c2b,5b44c40f-80f4-44fb-abfb-c7f19e27a6ca,probe00,1,2020-03-21,CSH_ZAD_011,zadorlab,brainwidemap
a3d13b05-bf4d-427a-a2d5-2fe050d603ec,03cf52f6-fba6-4743-a42e-dd1ac3072343,probe00,1,2020-03-22,CSH_ZAD_011,zadorlab,brainwidemap
dd619e10-5df1-4c79-bd62-cc00937b5d36,da188f2c-553c-4e04-879b-c9ea2d1b9a93,probe01,1,2020-03-23,CSH_ZAD_011,zadorlab,brainwidemap
eda7a3ac-f038-4603-9c68-816234e9c4eb,da188f2c-553c-4e04-879b-c9ea2d1b9a93,probe00,1,2020-03-23,CSH_ZAD_011,zadorlab,brainwidemap
4c04120d-523a-4795-ba8f-49dbb8d9f63a,7f6b86f9-879a-4ea2-8531-294a221af5d0,probe01,1,2020-08-14,CSH_ZAD_019,zadorlab,brainwidemap
9657af01-50bd-4120-8303-416ad9e24a51,7f6b86f9-879a-4ea2-8531-294a221af5d0,probe00,1,2020-08-14,CSH_ZAD_019,zadorlab,brainwidemap
96fe2729-b5a2-4e77-92bb-9df410144768,5adab0b7-dfd0-467d-b09d-43cb7ca5d59c,probe01,1,2020-08-16,CSH_ZAD_019,zadorlab,brainwidemap
b4131145-9675-4433-88e1-9ae016c701dd,5adab0b7-dfd0-467d-b09d-43cb7ca5d59c,probe00,1,2020-08-16,CSH_ZAD_019,zadorlab,brainwidemap
ed469fda-4519-456f-a671-cf901222b4f8,49e0ab27-827a-4c91-bcaa-97eea27a1b8d,probe01,1,2020-08-18,CSH_ZAD_019,zadorlab,brainwidemap
30ac1320-d671-46fc-87ef-875cdfc6b4eb,edd22318-216c-44ff-bc24-49ce8be78374,probe01,1,2020-08-19,CSH_ZAD_019,zadorlab,brainwidemap
a9c9df46-85f3-46ad-848d-c6b8da4ae67c,41431f53-69fd-4e3b-80ce-ea62e03bf9c7,probe01,1,2020-05-21,CSH_ZAD_022,zadorlab,brainwidemap
57656bee-e32e-4848-b924-0f6f18cfdfb1,a66f1593-dafd-4982-9b66-f9554b6c86b5,probe00,1,2020-05-23,CSH_ZAD_022,zadorlab,brainwidemap
4364cabe-a27c-4bd5-b398-1d068aca47cf,a82800ce-f4e3-4464-9b80-4c3d6fade333,probe00,1,2020-05-24,CSH_ZAD_022,zadorlab,brainwidemap
b8df4cc3-e973-4267-8cf8-a55cea77e1ac,a82800ce-f4e3-4464-9b80-4c3d6fade333,probe01,1,2020-05-24,CSH_ZAD_022,zadorlab,brainwidemap
532bb33e-f22f-454a-ba1f-561d1578b250,6a601cc5-7b79-4c75-b0e8-552246532f82,probe00,2,2020-05-25,CSH_ZAD_022,zadorlab,brainwidemap
9bd71ac6-c455-41f3-8c56-59987a649ac4,8207abc6-6b23-4762-92b4-82e05bed5143,probe01,1,2020-06-08,CSH_ZAD_024,zadorlab,brainwidemap
e22d047c-5beb-4e5b-9a3d-53b637743856,8207abc6-6b23-4762-92b4-82e05bed5143,probe00,1,2020-06-08,CSH_ZAD_024,zadorlab,brainwidemap
99086aba-f671-42b5-bdc0-e665c61f5452,549caacc-3bd7-40f1-913d-e94141816547,probe00,1,2020-07-27,CSH_ZAD_025,zadorlab,brainwidemap
1bd85dab-7a53-49d1-acd4-e82f9fd07cf6,6274dda8-3a59-4aa1-95f8-a8a549c46a26,probe01,1,2020-07-30,CSH_ZAD_025,zadorlab,brainwidemap
f9b2e36b-eef8-402f-b121-786dfed58bcb,6274dda8-3a59-4aa1-95f8-a8a549c46a26,probe00,1,2020-07-30,CSH_ZAD_025,zadorlab,brainwidemap
43436b4b-0431-407f-b83d-d657ec22b5c6,90c61c38-b9fd-4cc3-9795-29160d2f8e55,probe00,1,2020-07-31,CSH_ZAD_025,zadorlab,brainwidemap
64d04585-67e7-4320-baad-8d4589fd18f7,280ee768-f7b8-4c6c-9ea0-48ca75d6b6f3,probe01,2,2020-08-04,CSH_ZAD_025,zadorlab,brainwidemap
f9d783f9-7d2e-4b53-83f7-9409f788cbca,280ee768-f7b8-4c6c-9ea0-48ca75d6b6f3,probe00,2,2020-08-04,CSH_ZAD_025,zadorlab,brainwidemap
4994543f-20e8-4421-adca-8739984e07ad,c557324b-b95d-414c-888f-6ee1329a2329,probe01,1,2020-08-12,CSH_ZAD_025,zadorlab,brainwidemap
d8dae4d0-e11d-4b4d-8bd9-103c13491eb7,c557324b-b95d-414c-888f-6ee1329a2329,probe00,1,2020-08-12,CSH_ZAD_025,zadorlab,brainwidemap
0dfc64c5-80bc-43b6-a7c4-2fb6e638e9f3,5d01d14e-aced-4465-8f8e-9a1c674f62ec,probe01,2,2020-08-14,CSH_ZAD_026,zadorlab,brainwidemap
c84144db-4498-4627-b72a-975a6b618715,5d01d14e-aced-4465-8f8e-9a1c674f62ec,probe00,2,2020-08-14,CSH_ZAD_026,zadorlab,brainwidemap
920865d3-1581-4e81-bd63-ab2186024564,e56541a5-a6d5-4750-b1fe-f6b5257bfe7c,probe00,1,2020-08-15,CSH_ZAD_026,zadorlab,brainwidemap
d1d9defc-6f73-489f-9f14-2c0b5e970b2d,e56541a5-a6d5-4750-b1fe-f6b5257bfe7c,probe01,1,2020-08-15,CSH_ZAD_026,zadorlab,brainwidemap
5011eba9-8926-4a73-b729-579d02676d25,81a78eac-9d36-4f90-a73a-7eb3ad7f770b,probe00,1,2020-08-17,CSH_ZAD_026,zadorlab,brainwidemap
79b2e46e-e2ee-446e-b875-9aff03ef52d2,626126d5-eecf-4e9b-900e-ec29a17ece07,probe00,1,2020-08-18,CSH_ZAD_026,zadorlab,brainwidemap
f211d54e-e7eb-4188-bdcd-faa9c4317e9e,626126d5-eecf-4e9b-900e-ec29a17ece07,probe01,1,2020-08-18,CSH_ZAD_026,zadorlab,brainwidemap
00a96dee-1e8b-44cc-9cc3-aca704d2b594,b69b86be-af7d-4ecf-8cbf-0cd356afa1bd,probe01,1,2020-08-19,CSH_ZAD_026,zadorlab,brainwidemap
8d89b7d0-33e7-45c6-9972-d3ad4c1e5f4c,b69b86be-af7d-4ecf-8cbf-0cd356afa1bd,probe00,1,2020-08-19,CSH_ZAD_026,zadorlab,brainwidemap
8ca1a850-26ef-42be-8b28-c2e2d12f06d6,15763234-d21e-491f-a01b-1238eb96d389,probe00,1,2020-09-04,CSH_ZAD_026,zadorlab,brainwidemap
3bd1f88b-4e0c-43a6-9483-3305e82f2fae,e349a2e7-50a3-47ca-bc45-20d1899854ec,probe00,1,2020-09-11,CSH_ZAD_029,zadorlab,brainwidemap
c9664185-d3fd-4e0e-89cf-77c402038938,e349a2e7-50a3-47ca-bc45-20d1899854ec,probe01,1,2020-09-11,CSH_ZAD_029,zadorlab,brainwidemap
54c8f5de-83d7-49b9-9b4c-67fe0f07289b,1ec23a70-b94b-4e9c-a0df-8c2151da3761,probe00,1,2020-09-13,CSH_ZAD_029,zadorlab,brainwidemap
91fb4ed3-ee27-4d7e-ba5d-f61202ed9884,1ec23a70-b94b-4e9c-a0df-8c2151da3761,probe01,1,2020-09-13,CSH_ZAD_029,zadorlab,brainwidemap
1fa9efcf-def3-40b1-86ae-ca411da98ef2,fcd49e34-f07b-441c-b2ac-cb8c462ec5ac,probe01,1,2020-09-14,CSH_ZAD_029,zadorlab,brainwidemap
ece878b9-830d-4618-b801-ad0e7d8e7085,fcd49e34-f07b-441c-b2ac-cb8c462ec5ac,probe00,1,2020-09-14,CSH_ZAD_029,zadorlab,brainwidemap
d14f70e6-bf7b-4d6d-a380-bfd0a46ed7a1,5522ac4b-0e41-4c53-836a-aaa17e82b9eb,probe01,1,2020-09-15,CSH_ZAD_029,zadorlab,brainwidemap
81b1800e-f138-4337-abc9-bb0449b77852,993c7024-0abc-4028-ad30-d397ad55b084,probe00,1,2020-09-16,CSH_ZAD_029,zadorlab,brainwidemap
8bf0f1a4-0d8c-4df3-a99e-f7c81c809652,993c7024-0abc-4028-ad30-d397ad55b084,probe01,1,2020-09-16,CSH_ZAD_029,zadorlab,brainwidemap
675952a4-e8b3-4e82-a179-cc970d5a8b01,c7bd79c9-c47e-4ea5-aea3-74dda991b48e,probe01,1,2020-09-19,CSH_ZAD_029,zadorlab,brainwidemap
aebf71d2-408d-4901-a4e3-007cf61af8a0,89e258e9-cbca-4eca-bac4-13a2388b5113,probe00,1,2020-09-12,CSHL024,churchlandlab,learninglifespan
3ae57f3f-be93-48d9-8f47-f5a6f9055a3a,c875fc7d-0966-448a-813d-663088fbfae8,probe00,1,2020-10-08,CSHL025,churchlandlab,learninglifespan
34d7572f-7e3b-4d12-afc5-c26bd2dfde15,0fe99726-9982-4c41-a07c-2cd7af6a6733,probe00,1,2020-07-27,CSHL029,churchlandlab,learninglifespan
fa0dc413-1525-4178-89a8-3a093e08e2ce,0fe99726-9982-4c41-a07c-2cd7af6a6733,probe01,1,2020-07-27,CSHL029,churchlandlab,learninglifespan
14e496f3-06c7-465e-b7a7-109d866793a2,c94463ed-57da-4f02-8406-46f2f03924f3,probe01,2,2020-06-18,CSHL046,churchlandlab,learninglifespan
96bfe790-37a6-45da-aa30-e271c9ce68e6,c94463ed-57da-4f02-8406-46f2f03924f3,probe00,2,2020-06-18,CSHL046,churchlandlab,learninglifespan
35e215e1-b925-4593-8d67-0de6603c525a,ba7fc4d0-0486-4415-9b12-3f13b1cff710,probe01,1,2020-06-19,CSHL046,churchlandlab,learninglifespan
c7b21911-7699-402c-badc-670f723a7e42,ba7fc4d0-0486-4415-9b12-3f13b1cff710,probe00,1,2020-06-19,CSHL046,churchlandlab,learninglifespan
58153f9d-08b5-4386-b1ad-715c3922a470,93374502-c701-4b83-aa1a-23050b514708,probe00,1,2020-07-27,CSHL061,churchlandlab,learninglifespan
7d5c4c4e-5c23-4a1d-a1ce-32cb79bbcc2a,93374502-c701-4b83-aa1a-23050b514708,probe01,1,2020-07-27,CSHL061,churchlandlab,learninglifespan
2631e77a-d521-4939-b247-e7a0ea0a95c1,78fceb60-e623-431b-ab80-7e29209058ac,probe00,1,2020-07-29,CSHL061,churchlandlab,learninglifespan
bf8bb47d-e7e4-4759-87f1-fe054407661b,78fceb60-e623-431b-ab80-7e29209058ac,probe01,1,2020-07-29,CSHL061,churchlandlab,learninglifespan
32622302-ffef-412b-8773-4c7ef2a993bf,7ae3865a-d8f4-4b73-938e-ddaec33f8bc6,probe01,1,2020-07-08,CSHL062,churchlandlab,learninglifespan
42fd1bb1-76b1-4227-9a74-925bcd28b9a0,7ae3865a-d8f4-4b73-938e-ddaec33f8bc6,probe00,1,2020-07-08,CSHL062,churchlandlab,learninglifespan
383e12dc-4825-46f4-ac1d-8f3f6a6a1381,107249ca-0d03-4e56-a7eb-6fe6210550ae,probe00,1,2020-07-10,CSHL062,churchlandlab,learninglifespan
cbe746bb-8076-41c9-a90e-3bd56b2d958e,107249ca-0d03-4e56-a7eb-6fe6210550ae,probe01,1,2020-07-10,CSHL062,churchlandlab,learninglifespan
3b7827f2-3957-41dd-8b12-fa529a1422e7,ad8e802d-ce83-437a-865f-fa769762a602,probe00,2,2020-10-02,CSHL065,churchlandlab,learninglifespan
278ce01a-2383-4a09-b74a-b8571ccbabad,804bc680-976b-4e3e-9a47-a7e94847bd06,probe01,1,2020-10-03,CSHL065,churchlandlab,learninglifespan
5ce945a6-5b59-4d30-8be9-51f6e8280b43,804bc680-976b-4e3e-9a47-a7e94847bd06,probe00,1,2020-10-03,CSHL065,churchlandlab,learninglifespan
85b98361-9706-4318-8923-6988d4e804e8,a0dfbbc6-0454-4dc6-ade0-9ba57c18241d,probe01,1,2020-10-04,CSHL065,churchlandlab,learninglifespan
ba40eda8-601d-41cb-a629-290d17e7a680,a0dfbbc6-0454-4dc6-ade0-9ba57c18241d,probe00,1,2020-10-04,CSHL065,churchlandlab,learninglifespan
23e12f60-05fc-43ce-9536-f2feef8db037,2cff323c-1510-4b78-a5d1-ca07b203f60c,probe01,2,2020-09-26,CSHL066,churchlandlab,learninglifespan
39e6c9a9-2241-4781-9ed6-db45979207e7,2cff323c-1510-4b78-a5d1-ca07b203f60c,probe00,2,2020-09-26,CSHL066,churchlandlab,learninglifespan
3d9db0eb-31a6-44a8-99de-6e04555d27be,a5145869-a54a-4871-95ef-016421122844,probe00,2,2020-09-27,CSHL066,churchlandlab,learninglifespan
797fd358-5778-4b9f-b037-2aeb2393b839,a5145869-a54a-4871-95ef-016421122844,probe01,2,2020-09-27,CSHL066,churchlandlab,learninglifespan
d2da187c-7277-4114-bd09-f4f62ce9947e,f2545193-1c5c-420e-96ac-3cb4b9799ea5,probe01,1,2020-09-28,CSHL066,churchlandlab,learninglifespan
e096bf1f-b2b7-471d-b07b-e4e6d65299ac,f2545193-1c5c-420e-96ac-3cb4b9799ea5,probe00,1,2020-09-28,CSHL066,churchlandlab,learninglifespan
08c49305-d12c-4cc5-8f5c-b29f62f3a4a6,ab8a5331-1d0f-4b8a-9e0f-7be41c4857f9,probe00,1,2020-09-29,CSHL067,churchlandlab,learninglifespan
7246e8f8-f694-488f-8ce8-5214975ffe9a,ab8a5331-1d0f-4b8a-9e0f-7be41c4857f9,probe01,1,2020-09-29,CSHL067,churchlandlab,learninglifespan
646bfb77-b784-4c21-b37f-2ffc9986a228,9b4f6a8d-c879-4348-aa7e-0b34f6c6dacb,probe00,2,2020-09-30,CSHL067,churchlandlab,learninglifespan
f8965106-8f4a-4910-81f6-f19d55878b4e,9b4f6a8d-c879-4348-aa7e-0b34f6c6dacb,probe01,2,2020-09-30,CSHL067,churchlandlab,learninglifespan
9341b8f3-fa57-4fbb-9d0b-7ca3613da0cc,022dd14c-eff2-470f-863c-e019fafa53ae,probe00,2,2020-10-06,CSHL068,churchlandlab,learninglifespan
bb4fbbf0-4d1e-4d0d-b348-2d7b7fddd151,a06189b0-a66e-4a5a-a1ef-4afa80de8b31,probe00,1,2020-10-10,CSHL069,churchlandlab,learninglifespan
18e665b6-cc3d-4cde-980b-ddba405c1b26,bf358c9a-ef84-4604-b83a-93416d2827ff,probe00,1,2020-10-11,CSHL069,churchlandlab,learninglifespan
4b345c19-4973-4f30-8858-f236e7456553,bf358c9a-ef84-4604-b83a-93416d2827ff,probe01,1,2020-10-11,CSHL069,churchlandlab,learninglifespan
770470e7-9e8c-40c0-b95b-33330c096ade,87b628a4-f11a-429c-ad98-34d43cf3178b,probe01,1,2020-09-23,CSHL070,churchlandlab,learninglifespan
b9292b9f-cc04-4d2b-93c0-c0ad16e2b221,87b628a4-f11a-429c-ad98-34d43cf3178b,probe00,1,2020-09-23,CSHL070,churchlandlab,learninglifespan
6c74c0f6-030d-4665-9e2e-799b1bcd3367,945028b5-bb38-4379-8ae4-488bcd67bcf5,probe01,1,2020-09-24,CSHL070,churchlandlab,learninglifespan
becce8b9-db96-4ace-ad99-66397ca9e181,945028b5-bb38-4379-8ae4-488bcd67bcf5,probe00,1,2020-09-24,CSHL070,churchlandlab,learninglifespan
a7919b08-68fd-4ae7-a5a6-341d054d5bed,5c936319-6829-41cb-abc7-c4430910a6a0,probe00,1,2020-09-25,CSHL070,churchlandlab,learninglifespan
e8f25a3a-ab3d-4e3e-a863-5014a2b7e440,5c936319-6829-41cb-abc7-c4430910a6a0,probe01,1,2020-09-25,CSHL070,churchlandlab,learninglifespan
556b57db-e4bd-456b-b0bf-d0ddc56603ff,531e7ac0-cfcd-4593-9bf7-bb7bab5d66e9,probe01,1,2020-10-02,CSHL071,churchlandlab,learninglifespan
68386da9-4a3e-425f-baa1-15e4f985153d,531e7ac0-cfcd-4593-9bf7-bb7bab5d66e9,probe00,1,2020-10-02,CSHL071,churchlandlab,learninglifespan
253768e5-b649-4e49-944d-cc79d30b8f35,3a1b819b-71ef-4d71-aae6-9f83c1f509cb,probe01,1,2020-10-03,CSHL071,churchlandlab,learninglifespan
3c89bf07-1010-4457-8018-1733d50725e7,3a1b819b-71ef-4d71-aae6-9f83c1f509cb,probe00,1,2020-10-03,CSHL071,churchlandlab,learninglifespan
488d4bf8-9ae6-4bbe-9025-fcfdaec93efd,11cc0294-fbc5-44b7-8a2c-484daa64c81e,probe01,1,2020-10-04,CSHL071,churchlandlab,learninglifespan
7f788d36-56dd-4ebc-863e-c22ec4f1a731,11cc0294-fbc5-44b7-8a2c-484daa64c81e,probe00,1,2020-10-04,CSHL071,churchlandlab,learninglifespan
429747bb-93c2-4ec2-b823-a49d9247d4d5,fe0ecca9-9279-4ce6-bbfe-8b875d30d34b,probe01,1,2020-10-09,CSHL072,churchlandlab,learninglifespan
9b52d705-f975-4efb-863f-8c0ee33495c9,b26295df-e78d-4368-b694-1bf584f25bfc,probe00,1,2020-10-10,CSHL072,churchlandlab,learninglifespan
eb48b9fc-661e-4dde-8388-f32bde00482f,a45e62df-9f7f-4429-95a4-c4e334c8209f,probe00,1,2020-10-11,CSHL072,churchlandlab,learninglifespan
4dd3d15f-b59b-4403-85c0-417d41337f5d,fe80df7d-15f0-4f89-9bbb-d3e5725c4b0a,probe01,1,2020-09-27,CSHL073,churchlandlab,learninglifespan
7215243f-f336-4602-9521-6f9786d4decd,fe80df7d-15f0-4f89-9bbb-d3e5725c4b0a,probe00,1,2020-09-27,CSHL073,churchlandlab,learninglifespan
8f4213bd-49ab-4421-bf1b-a1f8e6e1f37f,da9eeafc-d7af-4a19-bf1c-2064e5b1b696,probe00,1,2020-09-28,CSHL073,churchlandlab,learninglifespan
02106173-e888-429b-a03c-7daaa40cc6be,bb2153e7-1052-491e-a022-790e755c7a54,probe01,1,2020-10-12,CSHL075,churchlandlab,learninglifespan
7ca1a6a0-5808-4882-9f8c-ea5ae82ad1a2,bb2153e7-1052-491e-a022-790e755c7a54,probe00,1,2020-10-12,CSHL075,churchlandlab,learninglifespan
fc93dc34-3329-475b-b779-1167482c86b7,f45e30cf-12aa-4fa0-8248-f9f885dfa9ef,probe00,4,2020-10-15,CSHL075,churchlandlab,learninglifespan
0bc568eb-feed-4d5d-86e2-edfdf84ed707,c90cdfa0-2945-4f68-8351-cb964c258725,probe01,2,2020-03-16,CSHL_018,churchlandlab,learninglifespan
feb4c65d-ad57-430e-8698-31f193013d19,c90cdfa0-2945-4f68-8351-cb964c258725,probe00,2,2020-03-16,CSHL_018,churchlandlab,learninglifespan
3adebebc-6499-4ad7-81db-a7a61f50fb15,9931191e-8056-4adc-a410-a4a93487423f,probe01,1,2020-03-12,CSHL_019,churchlandlab,learninglifespan
442d6f32-f0dc-4f82-90e3-5eefb086797c,9931191e-8056-4adc-a410-a4a93487423f,probe00,1,2020-03-12,CSHL_019,churchlandlab,learninglifespan
c52c4943-e764-4a9d-a759-06aff36993f0,af74b29d-a671-4c22-a5e8-1e3d27e362f3,probe00,1,2020-03-13,CSHL_019,churchlandlab,learninglifespan
d7c474c8-168a-4ae3-a2d8-573ca8017708,af74b29d-a671-4c22-a5e8-1e3d27e362f3,probe01,1,2020-03-13,CSHL_019,churchlandlab,learninglifespan
1edd8ae4-02bb-47ab-868c-1d5fad6256aa,f31752a8-a6bb-498b-8118-6339d3d74ecb,probe00,1,2020-10-05,SWC_029,mrsicflogellab,learninglifespan
a089219a-c836-470a-91c7-d65617bfb82a,6f321eab-6dad-4f2e-8160-5b182f999bb6,probe00,1,2020-10-06,SWC_029,mrsicflogellab,learninglifespan
